"LOCATION","INDICATOR","SUBJECT","MEASURE","FREQUENCY","TIME","Value","Flag Codes"
"AUS","TAXREV","TOT","PC_GDP","A","1965",20.634,
"AUS","TAXREV","TOT","PC_GDP","A","1966",19.855,
"AUS","TAXREV","TOT","PC_GDP","A","1967",20.434,
"AUS","TAXREV","TOT","PC_GDP","A","1968",20.366,
"AUS","TAXREV","TOT","PC_GDP","A","1969",20.708,
"AUS","TAXREV","TOT","PC_GDP","A","1970",21.099,
"AUS","TAXREV","TOT","PC_GDP","A","1971",21.851,
"AUS","TAXREV","TOT","PC_GDP","A","1972",21.408,
"AUS","TAXREV","TOT","PC_GDP","A","1973",22.498,
"AUS","TAXREV","TOT","PC_GDP","A","1974",24.636,
"AUS","TAXREV","TOT","PC_GDP","A","1975",25.374,
"AUS","TAXREV","TOT","PC_GDP","A","1976",25.554,
"AUS","TAXREV","TOT","PC_GDP","A","1977",25.42,
"AUS","TAXREV","TOT","PC_GDP","A","1978",24.529,
"AUS","TAXREV","TOT","PC_GDP","A","1979",25.15,
"AUS","TAXREV","TOT","PC_GDP","A","1980",26.211,
"AUS","TAXREV","TOT","PC_GDP","A","1981",26.383,
"AUS","TAXREV","TOT","PC_GDP","A","1982",26.857,
"AUS","TAXREV","TOT","PC_GDP","A","1983",26.109,
"AUS","TAXREV","TOT","PC_GDP","A","1984",27.707,
"AUS","TAXREV","TOT","PC_GDP","A","1985",27.758,
"AUS","TAXREV","TOT","PC_GDP","A","1986",28.536,
"AUS","TAXREV","TOT","PC_GDP","A","1987",28.642,
"AUS","TAXREV","TOT","PC_GDP","A","1988",28.298,
"AUS","TAXREV","TOT","PC_GDP","A","1989",28.014,
"AUS","TAXREV","TOT","PC_GDP","A","1990",28.108,
"AUS","TAXREV","TOT","PC_GDP","A","1991",26.668,
"AUS","TAXREV","TOT","PC_GDP","A","1992",26.134,
"AUS","TAXREV","TOT","PC_GDP","A","1993",26.604,
"AUS","TAXREV","TOT","PC_GDP","A","1994",27.507,
"AUS","TAXREV","TOT","PC_GDP","A","1995",28.285,
"AUS","TAXREV","TOT","PC_GDP","A","1996",28.924,
"AUS","TAXREV","TOT","PC_GDP","A","1997",28.666,
"AUS","TAXREV","TOT","PC_GDP","A","1998",29.432,
"AUS","TAXREV","TOT","PC_GDP","A","1999",29.805,
"AUS","TAXREV","TOT","PC_GDP","A","2000",30.458,
"AUS","TAXREV","TOT","PC_GDP","A","2001",28.927,
"AUS","TAXREV","TOT","PC_GDP","A","2002",29.8,
"AUS","TAXREV","TOT","PC_GDP","A","2003",29.963,
"AUS","TAXREV","TOT","PC_GDP","A","2004",30.271,
"AUS","TAXREV","TOT","PC_GDP","A","2005",29.975,
"AUS","TAXREV","TOT","PC_GDP","A","2006",29.39,
"AUS","TAXREV","TOT","PC_GDP","A","2007",29.52,
"AUS","TAXREV","TOT","PC_GDP","A","2008",26.827,
"AUS","TAXREV","TOT","PC_GDP","A","2009",25.532,
"AUS","TAXREV","TOT","PC_GDP","A","2010",25.268,
"AUS","TAXREV","TOT","PC_GDP","A","2011",25.888,
"AUS","TAXREV","TOT","PC_GDP","A","2012",26.909,
"AUS","TAXREV","TOT","PC_GDP","A","2013",27.109,
"AUS","TAXREV","TOT","PC_GDP","A","2014",27.275,
"AUS","TAXREV","TOT","PC_GDP","A","2015",27.873,
"AUS","TAXREV","TOT","PC_GDP","A","2016",27.604,
"AUS","TAXREV","TOT","PC_GDP","A","2017",28.532,
"AUT","TAXREV","TOT","PC_GDP","A","1965",33.509,
"AUT","TAXREV","TOT","PC_GDP","A","1966",34.201,
"AUT","TAXREV","TOT","PC_GDP","A","1967",34.101,
"AUT","TAXREV","TOT","PC_GDP","A","1968",34.149,
"AUT","TAXREV","TOT","PC_GDP","A","1969",34.6,
"AUT","TAXREV","TOT","PC_GDP","A","1970",33.586,
"AUT","TAXREV","TOT","PC_GDP","A","1971",34.26,
"AUT","TAXREV","TOT","PC_GDP","A","1972",34.678,
"AUT","TAXREV","TOT","PC_GDP","A","1973",34.849,
"AUT","TAXREV","TOT","PC_GDP","A","1974",35.825,
"AUT","TAXREV","TOT","PC_GDP","A","1975",36.335,
"AUT","TAXREV","TOT","PC_GDP","A","1976",36.205,
"AUT","TAXREV","TOT","PC_GDP","A","1977",36.549,
"AUT","TAXREV","TOT","PC_GDP","A","1978",38.69,
"AUT","TAXREV","TOT","PC_GDP","A","1979",38.095,
"AUT","TAXREV","TOT","PC_GDP","A","1980",38.573,
"AUT","TAXREV","TOT","PC_GDP","A","1981",39.647,
"AUT","TAXREV","TOT","PC_GDP","A","1982",38.423,
"AUT","TAXREV","TOT","PC_GDP","A","1983",38.114,
"AUT","TAXREV","TOT","PC_GDP","A","1984",39.774,
"AUT","TAXREV","TOT","PC_GDP","A","1985",40.436,
"AUT","TAXREV","TOT","PC_GDP","A","1986",40.34,
"AUT","TAXREV","TOT","PC_GDP","A","1987",39.959,
"AUT","TAXREV","TOT","PC_GDP","A","1988",39.96,
"AUT","TAXREV","TOT","PC_GDP","A","1989",38.945,
"AUT","TAXREV","TOT","PC_GDP","A","1990",39.288,
"AUT","TAXREV","TOT","PC_GDP","A","1991",39.748,
"AUT","TAXREV","TOT","PC_GDP","A","1992",41.282,
"AUT","TAXREV","TOT","PC_GDP","A","1993",41.688,
"AUT","TAXREV","TOT","PC_GDP","A","1994",41.701,
"AUT","TAXREV","TOT","PC_GDP","A","1995",41.271,
"AUT","TAXREV","TOT","PC_GDP","A","1996",42.641,
"AUT","TAXREV","TOT","PC_GDP","A","1997",43.44,
"AUT","TAXREV","TOT","PC_GDP","A","1998",43.447,
"AUT","TAXREV","TOT","PC_GDP","A","1999",43.09,
"AUT","TAXREV","TOT","PC_GDP","A","2000",42.285,
"AUT","TAXREV","TOT","PC_GDP","A","2001",43.886,
"AUT","TAXREV","TOT","PC_GDP","A","2002",42.697,
"AUT","TAXREV","TOT","PC_GDP","A","2003",42.409,
"AUT","TAXREV","TOT","PC_GDP","A","2004",41.958,
"AUT","TAXREV","TOT","PC_GDP","A","2005",41.012,
"AUT","TAXREV","TOT","PC_GDP","A","2006",40.408,
"AUT","TAXREV","TOT","PC_GDP","A","2007",40.548,
"AUT","TAXREV","TOT","PC_GDP","A","2008",41.391,
"AUT","TAXREV","TOT","PC_GDP","A","2009",40.98,
"AUT","TAXREV","TOT","PC_GDP","A","2010",40.958,
"AUT","TAXREV","TOT","PC_GDP","A","2011",41.119,
"AUT","TAXREV","TOT","PC_GDP","A","2012",41.767,
"AUT","TAXREV","TOT","PC_GDP","A","2013",42.635,
"AUT","TAXREV","TOT","PC_GDP","A","2014",42.699,
"AUT","TAXREV","TOT","PC_GDP","A","2015",43.042,
"AUT","TAXREV","TOT","PC_GDP","A","2016",41.913,
"AUT","TAXREV","TOT","PC_GDP","A","2017",41.798,
"AUT","TAXREV","TOT","PC_GDP","A","2018",42.182,
"BEL","TAXREV","TOT","PC_GDP","A","1965",30.625,
"BEL","TAXREV","TOT","PC_GDP","A","1966",32.723,
"BEL","TAXREV","TOT","PC_GDP","A","1967",33.383,
"BEL","TAXREV","TOT","PC_GDP","A","1968",34.198,
"BEL","TAXREV","TOT","PC_GDP","A","1969",34.374,
"BEL","TAXREV","TOT","PC_GDP","A","1970",33.247,
"BEL","TAXREV","TOT","PC_GDP","A","1971",34.375,
"BEL","TAXREV","TOT","PC_GDP","A","1972",34.224,
"BEL","TAXREV","TOT","PC_GDP","A","1973",35.331,
"BEL","TAXREV","TOT","PC_GDP","A","1974",36.212,
"BEL","TAXREV","TOT","PC_GDP","A","1975",38.734,
"BEL","TAXREV","TOT","PC_GDP","A","1976",38.933,
"BEL","TAXREV","TOT","PC_GDP","A","1977",40.846,
"BEL","TAXREV","TOT","PC_GDP","A","1978",41.42,
"BEL","TAXREV","TOT","PC_GDP","A","1979",42.172,
"BEL","TAXREV","TOT","PC_GDP","A","1980",40.509,
"BEL","TAXREV","TOT","PC_GDP","A","1981",40.772,
"BEL","TAXREV","TOT","PC_GDP","A","1982",41.984,
"BEL","TAXREV","TOT","PC_GDP","A","1983",42.682,
"BEL","TAXREV","TOT","PC_GDP","A","1984",43.395,
"BEL","TAXREV","TOT","PC_GDP","A","1985",43.481,
"BEL","TAXREV","TOT","PC_GDP","A","1986",43.23,
"BEL","TAXREV","TOT","PC_GDP","A","1987",43.858,
"BEL","TAXREV","TOT","PC_GDP","A","1988",42.547,
"BEL","TAXREV","TOT","PC_GDP","A","1989",40.739,
"BEL","TAXREV","TOT","PC_GDP","A","1990",41.172,
"BEL","TAXREV","TOT","PC_GDP","A","1991",41.387,
"BEL","TAXREV","TOT","PC_GDP","A","1992",40.961,
"BEL","TAXREV","TOT","PC_GDP","A","1993",42.405,
"BEL","TAXREV","TOT","PC_GDP","A","1994",42.684,
"BEL","TAXREV","TOT","PC_GDP","A","1995",42.609,
"BEL","TAXREV","TOT","PC_GDP","A","1996",43.02,
"BEL","TAXREV","TOT","PC_GDP","A","1997",43.451,
"BEL","TAXREV","TOT","PC_GDP","A","1998",44.084,
"BEL","TAXREV","TOT","PC_GDP","A","1999",43.893,
"BEL","TAXREV","TOT","PC_GDP","A","2000",43.537,
"BEL","TAXREV","TOT","PC_GDP","A","2001",43.454,
"BEL","TAXREV","TOT","PC_GDP","A","2002",43.627,
"BEL","TAXREV","TOT","PC_GDP","A","2003",43.142,
"BEL","TAXREV","TOT","PC_GDP","A","2004",43.215,
"BEL","TAXREV","TOT","PC_GDP","A","2005",43.151,
"BEL","TAXREV","TOT","PC_GDP","A","2006",42.96,
"BEL","TAXREV","TOT","PC_GDP","A","2007",42.72,
"BEL","TAXREV","TOT","PC_GDP","A","2008",43.25,
"BEL","TAXREV","TOT","PC_GDP","A","2009",42.37,
"BEL","TAXREV","TOT","PC_GDP","A","2010",42.621,
"BEL","TAXREV","TOT","PC_GDP","A","2011",43.141,
"BEL","TAXREV","TOT","PC_GDP","A","2012",44.172,
"BEL","TAXREV","TOT","PC_GDP","A","2013",45.106,
"BEL","TAXREV","TOT","PC_GDP","A","2014",45.07,
"BEL","TAXREV","TOT","PC_GDP","A","2015",44.725,
"BEL","TAXREV","TOT","PC_GDP","A","2016",43.881,
"BEL","TAXREV","TOT","PC_GDP","A","2017",44.463,
"BEL","TAXREV","TOT","PC_GDP","A","2018",44.846,
"CAN","TAXREV","TOT","PC_GDP","A","1965",24.976,
"CAN","TAXREV","TOT","PC_GDP","A","1966",25.988,
"CAN","TAXREV","TOT","PC_GDP","A","1967",26.97,
"CAN","TAXREV","TOT","PC_GDP","A","1968",27.753,
"CAN","TAXREV","TOT","PC_GDP","A","1969",29.865,
"CAN","TAXREV","TOT","PC_GDP","A","1970",29.881,
"CAN","TAXREV","TOT","PC_GDP","A","1971",29.417,
"CAN","TAXREV","TOT","PC_GDP","A","1972",29.934,
"CAN","TAXREV","TOT","PC_GDP","A","1973",29.53,
"CAN","TAXREV","TOT","PC_GDP","A","1974",32.036,
"CAN","TAXREV","TOT","PC_GDP","A","1975",31.136,
"CAN","TAXREV","TOT","PC_GDP","A","1976",30.576,
"CAN","TAXREV","TOT","PC_GDP","A","1977",29.825,
"CAN","TAXREV","TOT","PC_GDP","A","1978",29.555,
"CAN","TAXREV","TOT","PC_GDP","A","1979",29.341,
"CAN","TAXREV","TOT","PC_GDP","A","1980",30.322,
"CAN","TAXREV","TOT","PC_GDP","A","1981",32.511,
"CAN","TAXREV","TOT","PC_GDP","A","1982",32.323,
"CAN","TAXREV","TOT","PC_GDP","A","1983",31.761,
"CAN","TAXREV","TOT","PC_GDP","A","1984",31.71,
"CAN","TAXREV","TOT","PC_GDP","A","1985",31.614,
"CAN","TAXREV","TOT","PC_GDP","A","1986",32.352,
"CAN","TAXREV","TOT","PC_GDP","A","1987",33.313,
"CAN","TAXREV","TOT","PC_GDP","A","1988",33.033,
"CAN","TAXREV","TOT","PC_GDP","A","1989",34.127,
"CAN","TAXREV","TOT","PC_GDP","A","1990",35.073,
"CAN","TAXREV","TOT","PC_GDP","A","1991",35.504,
"CAN","TAXREV","TOT","PC_GDP","A","1992",35.067,
"CAN","TAXREV","TOT","PC_GDP","A","1993",34.444,
"CAN","TAXREV","TOT","PC_GDP","A","1994",34.404,
"CAN","TAXREV","TOT","PC_GDP","A","1995",34.63,
"CAN","TAXREV","TOT","PC_GDP","A","1996",34.942,
"CAN","TAXREV","TOT","PC_GDP","A","1997",35.792,
"CAN","TAXREV","TOT","PC_GDP","A","1998",35.712,
"CAN","TAXREV","TOT","PC_GDP","A","1999",35.488,
"CAN","TAXREV","TOT","PC_GDP","A","2000",34.674,
"CAN","TAXREV","TOT","PC_GDP","A","2001",34.086,
"CAN","TAXREV","TOT","PC_GDP","A","2002",33.081,
"CAN","TAXREV","TOT","PC_GDP","A","2003",32.7,
"CAN","TAXREV","TOT","PC_GDP","A","2004",32.713,
"CAN","TAXREV","TOT","PC_GDP","A","2005",32.661,
"CAN","TAXREV","TOT","PC_GDP","A","2006",32.725,
"CAN","TAXREV","TOT","PC_GDP","A","2007",32.495,
"CAN","TAXREV","TOT","PC_GDP","A","2008",31.235,
"CAN","TAXREV","TOT","PC_GDP","A","2009",32.346,
"CAN","TAXREV","TOT","PC_GDP","A","2010",31.007,
"CAN","TAXREV","TOT","PC_GDP","A","2011",30.803,
"CAN","TAXREV","TOT","PC_GDP","A","2012",31.177,
"CAN","TAXREV","TOT","PC_GDP","A","2013",31.132,
"CAN","TAXREV","TOT","PC_GDP","A","2014",31.266,
"CAN","TAXREV","TOT","PC_GDP","A","2015",32.82,
"CAN","TAXREV","TOT","PC_GDP","A","2016",33.172,
"CAN","TAXREV","TOT","PC_GDP","A","2017",32.813,
"CAN","TAXREV","TOT","PC_GDP","A","2018",32.991,
"CZE","TAXREV","TOT","PC_GDP","A","1993",36.96,
"CZE","TAXREV","TOT","PC_GDP","A","1994",35.699,
"CZE","TAXREV","TOT","PC_GDP","A","1995",34.712,
"CZE","TAXREV","TOT","PC_GDP","A","1996",33.307,
"CZE","TAXREV","TOT","PC_GDP","A","1997",33.606,
"CZE","TAXREV","TOT","PC_GDP","A","1998",32.452,
"CZE","TAXREV","TOT","PC_GDP","A","1999",33.278,
"CZE","TAXREV","TOT","PC_GDP","A","2000",32.428,
"CZE","TAXREV","TOT","PC_GDP","A","2001",32.542,
"CZE","TAXREV","TOT","PC_GDP","A","2002",33.391,
"CZE","TAXREV","TOT","PC_GDP","A","2003",34.257,
"CZE","TAXREV","TOT","PC_GDP","A","2004",34.684,
"CZE","TAXREV","TOT","PC_GDP","A","2005",34.451,
"CZE","TAXREV","TOT","PC_GDP","A","2006",34.016,
"CZE","TAXREV","TOT","PC_GDP","A","2007",34.211,
"CZE","TAXREV","TOT","PC_GDP","A","2008",33.454,
"CZE","TAXREV","TOT","PC_GDP","A","2009",32.283,
"CZE","TAXREV","TOT","PC_GDP","A","2010",32.476,
"CZE","TAXREV","TOT","PC_GDP","A","2011",33.259,
"CZE","TAXREV","TOT","PC_GDP","A","2012",33.677,
"CZE","TAXREV","TOT","PC_GDP","A","2013",34.078,
"CZE","TAXREV","TOT","PC_GDP","A","2014",33.095,
"CZE","TAXREV","TOT","PC_GDP","A","2015",33.347,
"CZE","TAXREV","TOT","PC_GDP","A","2016",34.238,
"CZE","TAXREV","TOT","PC_GDP","A","2017",34.871,
"CZE","TAXREV","TOT","PC_GDP","A","2018",35.279,
"DNK","TAXREV","TOT","PC_GDP","A","1965",29.125,
"DNK","TAXREV","TOT","PC_GDP","A","1966",29.673,
"DNK","TAXREV","TOT","PC_GDP","A","1967",30.156,
"DNK","TAXREV","TOT","PC_GDP","A","1968",32.896,
"DNK","TAXREV","TOT","PC_GDP","A","1969",32.506,
"DNK","TAXREV","TOT","PC_GDP","A","1970",36.866,
"DNK","TAXREV","TOT","PC_GDP","A","1971",39.443,
"DNK","TAXREV","TOT","PC_GDP","A","1972",39.057,
"DNK","TAXREV","TOT","PC_GDP","A","1973",38.517,
"DNK","TAXREV","TOT","PC_GDP","A","1974",40.364,
"DNK","TAXREV","TOT","PC_GDP","A","1975",36.785,
"DNK","TAXREV","TOT","PC_GDP","A","1976",37.774,
"DNK","TAXREV","TOT","PC_GDP","A","1977",38.223,
"DNK","TAXREV","TOT","PC_GDP","A","1978",39.399,
"DNK","TAXREV","TOT","PC_GDP","A","1979",40.446,
"DNK","TAXREV","TOT","PC_GDP","A","1980",41.157,
"DNK","TAXREV","TOT","PC_GDP","A","1981",40.697,
"DNK","TAXREV","TOT","PC_GDP","A","1982",39.524,
"DNK","TAXREV","TOT","PC_GDP","A","1983",41.158,
"DNK","TAXREV","TOT","PC_GDP","A","1984",42.295,
"DNK","TAXREV","TOT","PC_GDP","A","1985",43.586,
"DNK","TAXREV","TOT","PC_GDP","A","1986",45.807,
"DNK","TAXREV","TOT","PC_GDP","A","1987",46.451,
"DNK","TAXREV","TOT","PC_GDP","A","1988",46.925,
"DNK","TAXREV","TOT","PC_GDP","A","1989",45.745,
"DNK","TAXREV","TOT","PC_GDP","A","1990",44.397,
"DNK","TAXREV","TOT","PC_GDP","A","1991",43.777,
"DNK","TAXREV","TOT","PC_GDP","A","1992",44.136,
"DNK","TAXREV","TOT","PC_GDP","A","1993",45.462,
"DNK","TAXREV","TOT","PC_GDP","A","1994",46.529,
"DNK","TAXREV","TOT","PC_GDP","A","1995",46.499,
"DNK","TAXREV","TOT","PC_GDP","A","1996",46.713,
"DNK","TAXREV","TOT","PC_GDP","A","1997",46.727,
"DNK","TAXREV","TOT","PC_GDP","A","1998",47.298,
"DNK","TAXREV","TOT","PC_GDP","A","1999",47.875,
"DNK","TAXREV","TOT","PC_GDP","A","2000",46.875,
"DNK","TAXREV","TOT","PC_GDP","A","2001",45.919,
"DNK","TAXREV","TOT","PC_GDP","A","2002",45.405,
"DNK","TAXREV","TOT","PC_GDP","A","2003",45.583,
"DNK","TAXREV","TOT","PC_GDP","A","2004",46.393,
"DNK","TAXREV","TOT","PC_GDP","A","2005",48.005,
"DNK","TAXREV","TOT","PC_GDP","A","2006",46.462,
"DNK","TAXREV","TOT","PC_GDP","A","2007",46.425,
"DNK","TAXREV","TOT","PC_GDP","A","2008",44.765,
"DNK","TAXREV","TOT","PC_GDP","A","2009",44.963,
"DNK","TAXREV","TOT","PC_GDP","A","2010",44.756,
"DNK","TAXREV","TOT","PC_GDP","A","2011",44.793,
"DNK","TAXREV","TOT","PC_GDP","A","2012",45.512,
"DNK","TAXREV","TOT","PC_GDP","A","2013",45.888,
"DNK","TAXREV","TOT","PC_GDP","A","2014",48.531,
"DNK","TAXREV","TOT","PC_GDP","A","2015",46.057,
"DNK","TAXREV","TOT","PC_GDP","A","2016",45.692,
"DNK","TAXREV","TOT","PC_GDP","A","2017",45.705,
"DNK","TAXREV","TOT","PC_GDP","A","2018",44.861,
"FIN","TAXREV","TOT","PC_GDP","A","1965",30.017,
"FIN","TAXREV","TOT","PC_GDP","A","1966",31.159,
"FIN","TAXREV","TOT","PC_GDP","A","1967",32.022,
"FIN","TAXREV","TOT","PC_GDP","A","1968",32.422,
"FIN","TAXREV","TOT","PC_GDP","A","1969",30.987,
"FIN","TAXREV","TOT","PC_GDP","A","1970",31.159,
"FIN","TAXREV","TOT","PC_GDP","A","1971",32.751,
"FIN","TAXREV","TOT","PC_GDP","A","1972",33.223,
"FIN","TAXREV","TOT","PC_GDP","A","1973",34.035,
"FIN","TAXREV","TOT","PC_GDP","A","1974",33.301,
"FIN","TAXREV","TOT","PC_GDP","A","1975",36.113,
"FIN","TAXREV","TOT","PC_GDP","A","1976",39.598,
"FIN","TAXREV","TOT","PC_GDP","A","1977",39.801,
"FIN","TAXREV","TOT","PC_GDP","A","1978",36.478,
"FIN","TAXREV","TOT","PC_GDP","A","1979",35.103,
"FIN","TAXREV","TOT","PC_GDP","A","1980",35.315,
"FIN","TAXREV","TOT","PC_GDP","A","1981",37.268,
"FIN","TAXREV","TOT","PC_GDP","A","1982",36.42,
"FIN","TAXREV","TOT","PC_GDP","A","1983",36.065,
"FIN","TAXREV","TOT","PC_GDP","A","1984",37.553,
"FIN","TAXREV","TOT","PC_GDP","A","1985",39.14,
"FIN","TAXREV","TOT","PC_GDP","A","1986",40.259,
"FIN","TAXREV","TOT","PC_GDP","A","1987",38.747,
"FIN","TAXREV","TOT","PC_GDP","A","1988",41.951,
"FIN","TAXREV","TOT","PC_GDP","A","1989",41.54,
"FIN","TAXREV","TOT","PC_GDP","A","1990",42.907,
"FIN","TAXREV","TOT","PC_GDP","A","1991",44.449,
"FIN","TAXREV","TOT","PC_GDP","A","1992",43.966,
"FIN","TAXREV","TOT","PC_GDP","A","1993",43.478,
"FIN","TAXREV","TOT","PC_GDP","A","1994",45.508,
"FIN","TAXREV","TOT","PC_GDP","A","1995",44.496,
"FIN","TAXREV","TOT","PC_GDP","A","1996",45.7,
"FIN","TAXREV","TOT","PC_GDP","A","1997",44.966,
"FIN","TAXREV","TOT","PC_GDP","A","1998",44.827,
"FIN","TAXREV","TOT","PC_GDP","A","1999",44.258,
"FIN","TAXREV","TOT","PC_GDP","A","2000",45.82,
"FIN","TAXREV","TOT","PC_GDP","A","2001",43.171,
"FIN","TAXREV","TOT","PC_GDP","A","2002",43.333,
"FIN","TAXREV","TOT","PC_GDP","A","2003",42.388,
"FIN","TAXREV","TOT","PC_GDP","A","2004",41.822,
"FIN","TAXREV","TOT","PC_GDP","A","2005",42.114,
"FIN","TAXREV","TOT","PC_GDP","A","2006",42.154,
"FIN","TAXREV","TOT","PC_GDP","A","2007",41.508,
"FIN","TAXREV","TOT","PC_GDP","A","2008",41.207,
"FIN","TAXREV","TOT","PC_GDP","A","2009",40.934,
"FIN","TAXREV","TOT","PC_GDP","A","2010",40.788,
"FIN","TAXREV","TOT","PC_GDP","A","2011",42.033,
"FIN","TAXREV","TOT","PC_GDP","A","2012",42.679,
"FIN","TAXREV","TOT","PC_GDP","A","2013",43.616,
"FIN","TAXREV","TOT","PC_GDP","A","2014",43.814,
"FIN","TAXREV","TOT","PC_GDP","A","2015",43.855,
"FIN","TAXREV","TOT","PC_GDP","A","2016",44.025,
"FIN","TAXREV","TOT","PC_GDP","A","2017",43.313,
"FIN","TAXREV","TOT","PC_GDP","A","2018",42.665,
"FRA","TAXREV","TOT","PC_GDP","A","1965",33.729,
"FRA","TAXREV","TOT","PC_GDP","A","1966",33.493,
"FRA","TAXREV","TOT","PC_GDP","A","1967",33.828,
"FRA","TAXREV","TOT","PC_GDP","A","1968",33.929,
"FRA","TAXREV","TOT","PC_GDP","A","1969",34.543,
"FRA","TAXREV","TOT","PC_GDP","A","1970",33.749,
"FRA","TAXREV","TOT","PC_GDP","A","1971",33.178,
"FRA","TAXREV","TOT","PC_GDP","A","1972",33.607,
"FRA","TAXREV","TOT","PC_GDP","A","1973",33.583,
"FRA","TAXREV","TOT","PC_GDP","A","1974",33.678,
"FRA","TAXREV","TOT","PC_GDP","A","1975",35.009,
"FRA","TAXREV","TOT","PC_GDP","A","1976",36.838,
"FRA","TAXREV","TOT","PC_GDP","A","1977",36.841,
"FRA","TAXREV","TOT","PC_GDP","A","1978",36.798,
"FRA","TAXREV","TOT","PC_GDP","A","1979",38.209,
"FRA","TAXREV","TOT","PC_GDP","A","1980",39.528,
"FRA","TAXREV","TOT","PC_GDP","A","1981",39.633,
"FRA","TAXREV","TOT","PC_GDP","A","1982",40.4,
"FRA","TAXREV","TOT","PC_GDP","A","1983",40.894,
"FRA","TAXREV","TOT","PC_GDP","A","1984",41.921,
"FRA","TAXREV","TOT","PC_GDP","A","1985",42.042,
"FRA","TAXREV","TOT","PC_GDP","A","1986",41.711,
"FRA","TAXREV","TOT","PC_GDP","A","1987",42.254,
"FRA","TAXREV","TOT","PC_GDP","A","1988",41.43,
"FRA","TAXREV","TOT","PC_GDP","A","1989",41.157,
"FRA","TAXREV","TOT","PC_GDP","A","1990",41.173,
"FRA","TAXREV","TOT","PC_GDP","A","1991",41.552,
"FRA","TAXREV","TOT","PC_GDP","A","1992",41.575,
"FRA","TAXREV","TOT","PC_GDP","A","1993",42.744,
"FRA","TAXREV","TOT","PC_GDP","A","1994",42.82,
"FRA","TAXREV","TOT","PC_GDP","A","1995",42.327,
"FRA","TAXREV","TOT","PC_GDP","A","1996",43.455,
"FRA","TAXREV","TOT","PC_GDP","A","1997",43.663,
"FRA","TAXREV","TOT","PC_GDP","A","1998",43.537,
"FRA","TAXREV","TOT","PC_GDP","A","1999",44.248,
"FRA","TAXREV","TOT","PC_GDP","A","2000",43.43,
"FRA","TAXREV","TOT","PC_GDP","A","2001",43.101,
"FRA","TAXREV","TOT","PC_GDP","A","2002",42.404,
"FRA","TAXREV","TOT","PC_GDP","A","2003",42.239,
"FRA","TAXREV","TOT","PC_GDP","A","2004",42.413,
"FRA","TAXREV","TOT","PC_GDP","A","2005",42.904,
"FRA","TAXREV","TOT","PC_GDP","A","2006",43.273,
"FRA","TAXREV","TOT","PC_GDP","A","2007",42.545,
"FRA","TAXREV","TOT","PC_GDP","A","2008",42.332,
"FRA","TAXREV","TOT","PC_GDP","A","2009",41.528,
"FRA","TAXREV","TOT","PC_GDP","A","2010",42.145,
"FRA","TAXREV","TOT","PC_GDP","A","2011",43.334,
"FRA","TAXREV","TOT","PC_GDP","A","2012",44.36,
"FRA","TAXREV","TOT","PC_GDP","A","2013",45.367,
"FRA","TAXREV","TOT","PC_GDP","A","2014",45.449,
"FRA","TAXREV","TOT","PC_GDP","A","2015",45.281,
"FRA","TAXREV","TOT","PC_GDP","A","2016",45.374,
"FRA","TAXREV","TOT","PC_GDP","A","2017",46.117,
"FRA","TAXREV","TOT","PC_GDP","A","2018",46.095,
"DEU","TAXREV","TOT","PC_GDP","A","1965",31.673,
"DEU","TAXREV","TOT","PC_GDP","A","1966",32.259,
"DEU","TAXREV","TOT","PC_GDP","A","1967",32.281,
"DEU","TAXREV","TOT","PC_GDP","A","1968",32.233,
"DEU","TAXREV","TOT","PC_GDP","A","1969",33.935,
"DEU","TAXREV","TOT","PC_GDP","A","1970",31.576,
"DEU","TAXREV","TOT","PC_GDP","A","1971",32.07,
"DEU","TAXREV","TOT","PC_GDP","A","1972",33.561,
"DEU","TAXREV","TOT","PC_GDP","A","1973",35.04,
"DEU","TAXREV","TOT","PC_GDP","A","1974",34.896,
"DEU","TAXREV","TOT","PC_GDP","A","1975",34.331,
"DEU","TAXREV","TOT","PC_GDP","A","1976",35.303,
"DEU","TAXREV","TOT","PC_GDP","A","1977",36.675,
"DEU","TAXREV","TOT","PC_GDP","A","1978",36.679,
"DEU","TAXREV","TOT","PC_GDP","A","1979",36.394,
"DEU","TAXREV","TOT","PC_GDP","A","1980",36.445,
"DEU","TAXREV","TOT","PC_GDP","A","1981",35.871,
"DEU","TAXREV","TOT","PC_GDP","A","1982",35.554,
"DEU","TAXREV","TOT","PC_GDP","A","1983",35.577,
"DEU","TAXREV","TOT","PC_GDP","A","1984",35.725,
"DEU","TAXREV","TOT","PC_GDP","A","1985",36.095,
"DEU","TAXREV","TOT","PC_GDP","A","1986",35.835,
"DEU","TAXREV","TOT","PC_GDP","A","1987",36.296,
"DEU","TAXREV","TOT","PC_GDP","A","1988",35.956,
"DEU","TAXREV","TOT","PC_GDP","A","1989",36.233,
"DEU","TAXREV","TOT","PC_GDP","A","1990",34.804,
"DEU","TAXREV","TOT","PC_GDP","A","1991",35.005,
"DEU","TAXREV","TOT","PC_GDP","A","1992",35.902,
"DEU","TAXREV","TOT","PC_GDP","A","1993",35.83,
"DEU","TAXREV","TOT","PC_GDP","A","1994",36.172,
"DEU","TAXREV","TOT","PC_GDP","A","1995",36.232,
"DEU","TAXREV","TOT","PC_GDP","A","1996",35.577,
"DEU","TAXREV","TOT","PC_GDP","A","1997",35.246,
"DEU","TAXREV","TOT","PC_GDP","A","1998",35.474,
"DEU","TAXREV","TOT","PC_GDP","A","1999",36.161,
"DEU","TAXREV","TOT","PC_GDP","A","2000",36.242,
"DEU","TAXREV","TOT","PC_GDP","A","2001",35.01,
"DEU","TAXREV","TOT","PC_GDP","A","2002",34.386,
"DEU","TAXREV","TOT","PC_GDP","A","2003",34.613,
"DEU","TAXREV","TOT","PC_GDP","A","2004",33.865,
"DEU","TAXREV","TOT","PC_GDP","A","2005",33.874,
"DEU","TAXREV","TOT","PC_GDP","A","2006",34.493,
"DEU","TAXREV","TOT","PC_GDP","A","2007",34.892,
"DEU","TAXREV","TOT","PC_GDP","A","2008",35.409,
"DEU","TAXREV","TOT","PC_GDP","A","2009",36.081,
"DEU","TAXREV","TOT","PC_GDP","A","2010",35.01,
"DEU","TAXREV","TOT","PC_GDP","A","2011",35.703,
"DEU","TAXREV","TOT","PC_GDP","A","2012",36.392,
"DEU","TAXREV","TOT","PC_GDP","A","2013",36.77,
"DEU","TAXREV","TOT","PC_GDP","A","2014",36.675,
"DEU","TAXREV","TOT","PC_GDP","A","2015",36.978,
"DEU","TAXREV","TOT","PC_GDP","A","2016",37.416,
"DEU","TAXREV","TOT","PC_GDP","A","2017",37.569,
"DEU","TAXREV","TOT","PC_GDP","A","2018",38.187,
"GRC","TAXREV","TOT","PC_GDP","A","1965",17.133,
"GRC","TAXREV","TOT","PC_GDP","A","1966",18.363,
"GRC","TAXREV","TOT","PC_GDP","A","1967",19.249,
"GRC","TAXREV","TOT","PC_GDP","A","1968",19.937,
"GRC","TAXREV","TOT","PC_GDP","A","1969",19.689,
"GRC","TAXREV","TOT","PC_GDP","A","1970",19.219,
"GRC","TAXREV","TOT","PC_GDP","A","1971",19.038,
"GRC","TAXREV","TOT","PC_GDP","A","1972",18.924,
"GRC","TAXREV","TOT","PC_GDP","A","1973",17.406,
"GRC","TAXREV","TOT","PC_GDP","A","1974",18.254,
"GRC","TAXREV","TOT","PC_GDP","A","1975",18.705,
"GRC","TAXREV","TOT","PC_GDP","A","1976",20.325,
"GRC","TAXREV","TOT","PC_GDP","A","1977",20.622,
"GRC","TAXREV","TOT","PC_GDP","A","1978",20.579,
"GRC","TAXREV","TOT","PC_GDP","A","1979",21.331,
"GRC","TAXREV","TOT","PC_GDP","A","1980",20.75,
"GRC","TAXREV","TOT","PC_GDP","A","1981",20.908,
"GRC","TAXREV","TOT","PC_GDP","A","1982",23.598,
"GRC","TAXREV","TOT","PC_GDP","A","1983",23.996,
"GRC","TAXREV","TOT","PC_GDP","A","1984",24.548,
"GRC","TAXREV","TOT","PC_GDP","A","1985",24.557,
"GRC","TAXREV","TOT","PC_GDP","A","1986",25.779,
"GRC","TAXREV","TOT","PC_GDP","A","1987",26.236,
"GRC","TAXREV","TOT","PC_GDP","A","1988",23.672,
"GRC","TAXREV","TOT","PC_GDP","A","1989",22.943,
"GRC","TAXREV","TOT","PC_GDP","A","1990",25.191,
"GRC","TAXREV","TOT","PC_GDP","A","1991",25.292,
"GRC","TAXREV","TOT","PC_GDP","A","1992",26.123,
"GRC","TAXREV","TOT","PC_GDP","A","1993",26.57,
"GRC","TAXREV","TOT","PC_GDP","A","1994",26.834,
"GRC","TAXREV","TOT","PC_GDP","A","1995",28.299,
"GRC","TAXREV","TOT","PC_GDP","A","1996",28.444,
"GRC","TAXREV","TOT","PC_GDP","A","1997",29.553,
"GRC","TAXREV","TOT","PC_GDP","A","1998",30.746,
"GRC","TAXREV","TOT","PC_GDP","A","1999",31.809,
"GRC","TAXREV","TOT","PC_GDP","A","2000",33.417,
"GRC","TAXREV","TOT","PC_GDP","A","2001",31.928,
"GRC","TAXREV","TOT","PC_GDP","A","2002",33.141,
"GRC","TAXREV","TOT","PC_GDP","A","2003",31.488,
"GRC","TAXREV","TOT","PC_GDP","A","2004",30.462,
"GRC","TAXREV","TOT","PC_GDP","A","2005",31.872,
"GRC","TAXREV","TOT","PC_GDP","A","2006",31.048,
"GRC","TAXREV","TOT","PC_GDP","A","2007",31.797,
"GRC","TAXREV","TOT","PC_GDP","A","2008",31.802,
"GRC","TAXREV","TOT","PC_GDP","A","2009",30.751,
"GRC","TAXREV","TOT","PC_GDP","A","2010",32.036,
"GRC","TAXREV","TOT","PC_GDP","A","2011",33.641,
"GRC","TAXREV","TOT","PC_GDP","A","2012",35.807,
"GRC","TAXREV","TOT","PC_GDP","A","2013",35.736,
"GRC","TAXREV","TOT","PC_GDP","A","2014",36.003,
"GRC","TAXREV","TOT","PC_GDP","A","2015",36.635,
"GRC","TAXREV","TOT","PC_GDP","A","2016",38.696,
"GRC","TAXREV","TOT","PC_GDP","A","2017",38.912,
"GRC","TAXREV","TOT","PC_GDP","A","2018",38.738,
"HUN","TAXREV","TOT","PC_GDP","A","1991",44.628,
"HUN","TAXREV","TOT","PC_GDP","A","1992",44.36,
"HUN","TAXREV","TOT","PC_GDP","A","1993",45.204,
"HUN","TAXREV","TOT","PC_GDP","A","1994",42.742,
"HUN","TAXREV","TOT","PC_GDP","A","1995",40.776,
"HUN","TAXREV","TOT","PC_GDP","A","1996",39.42,
"HUN","TAXREV","TOT","PC_GDP","A","1997",37.748,
"HUN","TAXREV","TOT","PC_GDP","A","1998",37.449,
"HUN","TAXREV","TOT","PC_GDP","A","1999",38.202,
"HUN","TAXREV","TOT","PC_GDP","A","2000",38.506,
"HUN","TAXREV","TOT","PC_GDP","A","2001",37.604,
"HUN","TAXREV","TOT","PC_GDP","A","2002",37.361,
"HUN","TAXREV","TOT","PC_GDP","A","2003",37.248,
"HUN","TAXREV","TOT","PC_GDP","A","2004",37.016,
"HUN","TAXREV","TOT","PC_GDP","A","2005",36.535,
"HUN","TAXREV","TOT","PC_GDP","A","2006",36.532,
"HUN","TAXREV","TOT","PC_GDP","A","2007",39.386,
"HUN","TAXREV","TOT","PC_GDP","A","2008",39.451,
"HUN","TAXREV","TOT","PC_GDP","A","2009",38.946,
"HUN","TAXREV","TOT","PC_GDP","A","2010",37.266,
"HUN","TAXREV","TOT","PC_GDP","A","2011",36.25,
"HUN","TAXREV","TOT","PC_GDP","A","2012",38.352,
"HUN","TAXREV","TOT","PC_GDP","A","2013",37.955,
"HUN","TAXREV","TOT","PC_GDP","A","2014",38.006,
"HUN","TAXREV","TOT","PC_GDP","A","2015",38.655,
"HUN","TAXREV","TOT","PC_GDP","A","2016",39.149,
"HUN","TAXREV","TOT","PC_GDP","A","2017",38.176,
"HUN","TAXREV","TOT","PC_GDP","A","2018",36.553,
"ISL","TAXREV","TOT","PC_GDP","A","1965",25.691,
"ISL","TAXREV","TOT","PC_GDP","A","1970",26.92,
"ISL","TAXREV","TOT","PC_GDP","A","1975",29.468,
"ISL","TAXREV","TOT","PC_GDP","A","1980",29.119,
"ISL","TAXREV","TOT","PC_GDP","A","1981",30.235,
"ISL","TAXREV","TOT","PC_GDP","A","1982",30.512,
"ISL","TAXREV","TOT","PC_GDP","A","1983",27.885,
"ISL","TAXREV","TOT","PC_GDP","A","1984",29.104,
"ISL","TAXREV","TOT","PC_GDP","A","1985",27.711,
"ISL","TAXREV","TOT","PC_GDP","A","1986",27.916,
"ISL","TAXREV","TOT","PC_GDP","A","1987",28.245,
"ISL","TAXREV","TOT","PC_GDP","A","1988",30.776,
"ISL","TAXREV","TOT","PC_GDP","A","1989",30.886,
"ISL","TAXREV","TOT","PC_GDP","A","1990",30.438,
"ISL","TAXREV","TOT","PC_GDP","A","1991",30.792,
"ISL","TAXREV","TOT","PC_GDP","A","1992",31.618,
"ISL","TAXREV","TOT","PC_GDP","A","1993",30.554,
"ISL","TAXREV","TOT","PC_GDP","A","1994",30.102,
"ISL","TAXREV","TOT","PC_GDP","A","1995",30.678,
"ISL","TAXREV","TOT","PC_GDP","A","1996",31.834,
"ISL","TAXREV","TOT","PC_GDP","A","1997",31.541,
"ISL","TAXREV","TOT","PC_GDP","A","1998",33.664,
"ISL","TAXREV","TOT","PC_GDP","A","1999",35.961,
"ISL","TAXREV","TOT","PC_GDP","A","2000",35.963,
"ISL","TAXREV","TOT","PC_GDP","A","2001",34.184,
"ISL","TAXREV","TOT","PC_GDP","A","2002",33.854,
"ISL","TAXREV","TOT","PC_GDP","A","2003",35.312,
"ISL","TAXREV","TOT","PC_GDP","A","2004",36.301,
"ISL","TAXREV","TOT","PC_GDP","A","2005",39.412,
"ISL","TAXREV","TOT","PC_GDP","A","2006",40.125,
"ISL","TAXREV","TOT","PC_GDP","A","2007",38.585,
"ISL","TAXREV","TOT","PC_GDP","A","2008",34.519,
"ISL","TAXREV","TOT","PC_GDP","A","2009",31.179,
"ISL","TAXREV","TOT","PC_GDP","A","2010",32.299,
"ISL","TAXREV","TOT","PC_GDP","A","2011",33.335,
"ISL","TAXREV","TOT","PC_GDP","A","2012",34.014,
"ISL","TAXREV","TOT","PC_GDP","A","2013",34.515,
"ISL","TAXREV","TOT","PC_GDP","A","2014",37.34,
"ISL","TAXREV","TOT","PC_GDP","A","2015",35.398,
"ISL","TAXREV","TOT","PC_GDP","A","2016",50.809,
"ISL","TAXREV","TOT","PC_GDP","A","2017",37.502,
"ISL","TAXREV","TOT","PC_GDP","A","2018",36.691,
"IRL","TAXREV","TOT","PC_GDP","A","1965",24.512,
"IRL","TAXREV","TOT","PC_GDP","A","1966",26.477,
"IRL","TAXREV","TOT","PC_GDP","A","1967",27.009,
"IRL","TAXREV","TOT","PC_GDP","A","1968",27.427,
"IRL","TAXREV","TOT","PC_GDP","A","1969",28.075,
"IRL","TAXREV","TOT","PC_GDP","A","1970",27.57,
"IRL","TAXREV","TOT","PC_GDP","A","1971",28.57,
"IRL","TAXREV","TOT","PC_GDP","A","1972",27.377,
"IRL","TAXREV","TOT","PC_GDP","A","1973",27.543,
"IRL","TAXREV","TOT","PC_GDP","A","1974",27.956,
"IRL","TAXREV","TOT","PC_GDP","A","1975",27.863,
"IRL","TAXREV","TOT","PC_GDP","A","1976",30.887,
"IRL","TAXREV","TOT","PC_GDP","A","1977",29.417,
"IRL","TAXREV","TOT","PC_GDP","A","1978",27.859,
"IRL","TAXREV","TOT","PC_GDP","A","1979",27.522,
"IRL","TAXREV","TOT","PC_GDP","A","1980",30.075,
"IRL","TAXREV","TOT","PC_GDP","A","1981",31.123,
"IRL","TAXREV","TOT","PC_GDP","A","1982",32.479,
"IRL","TAXREV","TOT","PC_GDP","A","1983",33.863,
"IRL","TAXREV","TOT","PC_GDP","A","1984",34.619,
"IRL","TAXREV","TOT","PC_GDP","A","1985",33.58,
"IRL","TAXREV","TOT","PC_GDP","A","1986",34.315,
"IRL","TAXREV","TOT","PC_GDP","A","1987",34.488,
"IRL","TAXREV","TOT","PC_GDP","A","1988",35.646,
"IRL","TAXREV","TOT","PC_GDP","A","1989",32.476,
"IRL","TAXREV","TOT","PC_GDP","A","1990",32.351,
"IRL","TAXREV","TOT","PC_GDP","A","1991",32.92,
"IRL","TAXREV","TOT","PC_GDP","A","1992",33.257,
"IRL","TAXREV","TOT","PC_GDP","A","1993",33.257,
"IRL","TAXREV","TOT","PC_GDP","A","1994",34.325,
"IRL","TAXREV","TOT","PC_GDP","A","1995",31.733,
"IRL","TAXREV","TOT","PC_GDP","A","1996",32.268,
"IRL","TAXREV","TOT","PC_GDP","A","1997",31.369,
"IRL","TAXREV","TOT","PC_GDP","A","1998",30.837,
"IRL","TAXREV","TOT","PC_GDP","A","1999",30.888,
"IRL","TAXREV","TOT","PC_GDP","A","2000",30.765,
"IRL","TAXREV","TOT","PC_GDP","A","2001",28.611,
"IRL","TAXREV","TOT","PC_GDP","A","2002",27.287,
"IRL","TAXREV","TOT","PC_GDP","A","2003",27.869,
"IRL","TAXREV","TOT","PC_GDP","A","2004",28.947,
"IRL","TAXREV","TOT","PC_GDP","A","2005",29.403,
"IRL","TAXREV","TOT","PC_GDP","A","2006",30.835,
"IRL","TAXREV","TOT","PC_GDP","A","2007",30.39,
"IRL","TAXREV","TOT","PC_GDP","A","2008",28.462,
"IRL","TAXREV","TOT","PC_GDP","A","2009",27.336,
"IRL","TAXREV","TOT","PC_GDP","A","2010",27.014,
"IRL","TAXREV","TOT","PC_GDP","A","2011",27.449,
"IRL","TAXREV","TOT","PC_GDP","A","2012",27.574,
"IRL","TAXREV","TOT","PC_GDP","A","2013",28.269,
"IRL","TAXREV","TOT","PC_GDP","A","2014",28.49,
"IRL","TAXREV","TOT","PC_GDP","A","2015",23.078,
"IRL","TAXREV","TOT","PC_GDP","A","2016",23.362,
"IRL","TAXREV","TOT","PC_GDP","A","2017",22.521,
"IRL","TAXREV","TOT","PC_GDP","A","2018",22.317,
"ITA","TAXREV","TOT","PC_GDP","A","1965",24.662,
"ITA","TAXREV","TOT","PC_GDP","A","1966",24.453,
"ITA","TAXREV","TOT","PC_GDP","A","1967",25.349,
"ITA","TAXREV","TOT","PC_GDP","A","1968",26.095,
"ITA","TAXREV","TOT","PC_GDP","A","1969",25.502,
"ITA","TAXREV","TOT","PC_GDP","A","1970",24.844,
"ITA","TAXREV","TOT","PC_GDP","A","1971",25.468,
"ITA","TAXREV","TOT","PC_GDP","A","1972",25.381,
"ITA","TAXREV","TOT","PC_GDP","A","1973",23.128,
"ITA","TAXREV","TOT","PC_GDP","A","1974",24.237,
"ITA","TAXREV","TOT","PC_GDP","A","1975",24.522,
"ITA","TAXREV","TOT","PC_GDP","A","1976",25.433,
"ITA","TAXREV","TOT","PC_GDP","A","1977",25.919,
"ITA","TAXREV","TOT","PC_GDP","A","1978",26.073,
"ITA","TAXREV","TOT","PC_GDP","A","1979",25.272,
"ITA","TAXREV","TOT","PC_GDP","A","1980",28.718,
"ITA","TAXREV","TOT","PC_GDP","A","1981",29.842,
"ITA","TAXREV","TOT","PC_GDP","A","1982",31.933,
"ITA","TAXREV","TOT","PC_GDP","A","1983",33.827,
"ITA","TAXREV","TOT","PC_GDP","A","1984",32.999,
"ITA","TAXREV","TOT","PC_GDP","A","1985",32.516,
"ITA","TAXREV","TOT","PC_GDP","A","1986",34.018,
"ITA","TAXREV","TOT","PC_GDP","A","1987",34.109,
"ITA","TAXREV","TOT","PC_GDP","A","1988",34.649,
"ITA","TAXREV","TOT","PC_GDP","A","1989",35.583,
"ITA","TAXREV","TOT","PC_GDP","A","1990",36.391,
"ITA","TAXREV","TOT","PC_GDP","A","1991",36.787,
"ITA","TAXREV","TOT","PC_GDP","A","1992",39.05,
"ITA","TAXREV","TOT","PC_GDP","A","1993",40.639,
"ITA","TAXREV","TOT","PC_GDP","A","1994",38.709,
"ITA","TAXREV","TOT","PC_GDP","A","1995",38.583,
"ITA","TAXREV","TOT","PC_GDP","A","1996",40.261,
"ITA","TAXREV","TOT","PC_GDP","A","1997",41.668,
"ITA","TAXREV","TOT","PC_GDP","A","1998",40.038,
"ITA","TAXREV","TOT","PC_GDP","A","1999",40.906,
"ITA","TAXREV","TOT","PC_GDP","A","2000",40.596,
"ITA","TAXREV","TOT","PC_GDP","A","2001",40.297,
"ITA","TAXREV","TOT","PC_GDP","A","2002",39.751,
"ITA","TAXREV","TOT","PC_GDP","A","2003",40.068,
"ITA","TAXREV","TOT","PC_GDP","A","2004",39.332,
"ITA","TAXREV","TOT","PC_GDP","A","2005",39.149,
"ITA","TAXREV","TOT","PC_GDP","A","2006",40.574,
"ITA","TAXREV","TOT","PC_GDP","A","2007",41.7,
"ITA","TAXREV","TOT","PC_GDP","A","2008",41.737,
"ITA","TAXREV","TOT","PC_GDP","A","2009",42.087,
"ITA","TAXREV","TOT","PC_GDP","A","2010",41.876,
"ITA","TAXREV","TOT","PC_GDP","A","2011",41.925,
"ITA","TAXREV","TOT","PC_GDP","A","2012",43.917,
"ITA","TAXREV","TOT","PC_GDP","A","2013",44.05,
"ITA","TAXREV","TOT","PC_GDP","A","2014",43.474,
"ITA","TAXREV","TOT","PC_GDP","A","2015",42.901,
"ITA","TAXREV","TOT","PC_GDP","A","2016",42.307,
"ITA","TAXREV","TOT","PC_GDP","A","2017",42.133,
"ITA","TAXREV","TOT","PC_GDP","A","2018",42.051,
"JPN","TAXREV","TOT","PC_GDP","A","1965",17.58,
"JPN","TAXREV","TOT","PC_GDP","A","1966",17.038,
"JPN","TAXREV","TOT","PC_GDP","A","1967",17.51,
"JPN","TAXREV","TOT","PC_GDP","A","1968",17.744,
"JPN","TAXREV","TOT","PC_GDP","A","1969",18.064,
"JPN","TAXREV","TOT","PC_GDP","A","1970",18.95,
"JPN","TAXREV","TOT","PC_GDP","A","1971",19.235,
"JPN","TAXREV","TOT","PC_GDP","A","1972",19.869,
"JPN","TAXREV","TOT","PC_GDP","A","1973",21.545,
"JPN","TAXREV","TOT","PC_GDP","A","1974",22.089,
"JPN","TAXREV","TOT","PC_GDP","A","1975",20.144,
"JPN","TAXREV","TOT","PC_GDP","A","1976",20.952,
"JPN","TAXREV","TOT","PC_GDP","A","1977",21.493,
"JPN","TAXREV","TOT","PC_GDP","A","1978",23.109,
"JPN","TAXREV","TOT","PC_GDP","A","1979",23.521,
"JPN","TAXREV","TOT","PC_GDP","A","1980",24.472,
"JPN","TAXREV","TOT","PC_GDP","A","1981",25.108,
"JPN","TAXREV","TOT","PC_GDP","A","1982",25.58,
"JPN","TAXREV","TOT","PC_GDP","A","1983",26.008,
"JPN","TAXREV","TOT","PC_GDP","A","1984",26.16,
"JPN","TAXREV","TOT","PC_GDP","A","1985",26.394,
"JPN","TAXREV","TOT","PC_GDP","A","1986",27.354,
"JPN","TAXREV","TOT","PC_GDP","A","1987",28.22,
"JPN","TAXREV","TOT","PC_GDP","A","1988",28.678,
"JPN","TAXREV","TOT","PC_GDP","A","1989",28.952,
"JPN","TAXREV","TOT","PC_GDP","A","1990",28.197,
"JPN","TAXREV","TOT","PC_GDP","A","1991",27.857,
"JPN","TAXREV","TOT","PC_GDP","A","1992",26.332,
"JPN","TAXREV","TOT","PC_GDP","A","1993",26.317,
"JPN","TAXREV","TOT","PC_GDP","A","1994",25.459,
"JPN","TAXREV","TOT","PC_GDP","A","1995",25.849,
"JPN","TAXREV","TOT","PC_GDP","A","1996",25.813,
"JPN","TAXREV","TOT","PC_GDP","A","1997",26.175,
"JPN","TAXREV","TOT","PC_GDP","A","1998",25.67,
"JPN","TAXREV","TOT","PC_GDP","A","1999",25.2,
"JPN","TAXREV","TOT","PC_GDP","A","2000",25.78,
"JPN","TAXREV","TOT","PC_GDP","A","2001",25.938,
"JPN","TAXREV","TOT","PC_GDP","A","2002",24.914,
"JPN","TAXREV","TOT","PC_GDP","A","2003",24.532,
"JPN","TAXREV","TOT","PC_GDP","A","2004",25.153,
"JPN","TAXREV","TOT","PC_GDP","A","2005",26.243,
"JPN","TAXREV","TOT","PC_GDP","A","2006",27.031,
"JPN","TAXREV","TOT","PC_GDP","A","2007",27.546,
"JPN","TAXREV","TOT","PC_GDP","A","2008",27.404,
"JPN","TAXREV","TOT","PC_GDP","A","2009",25.969,
"JPN","TAXREV","TOT","PC_GDP","A","2010",26.527,
"JPN","TAXREV","TOT","PC_GDP","A","2011",27.461,
"JPN","TAXREV","TOT","PC_GDP","A","2012",28.238,
"JPN","TAXREV","TOT","PC_GDP","A","2013",28.862,
"JPN","TAXREV","TOT","PC_GDP","A","2014",30.273,
"JPN","TAXREV","TOT","PC_GDP","A","2015",30.683,
"JPN","TAXREV","TOT","PC_GDP","A","2016",30.73,
"JPN","TAXREV","TOT","PC_GDP","A","2017",31.37,
"KOR","TAXREV","TOT","PC_GDP","A","1972",12.412,
"KOR","TAXREV","TOT","PC_GDP","A","1973",11.979,
"KOR","TAXREV","TOT","PC_GDP","A","1974",13.095,
"KOR","TAXREV","TOT","PC_GDP","A","1975",14.896,
"KOR","TAXREV","TOT","PC_GDP","A","1976",16.216,
"KOR","TAXREV","TOT","PC_GDP","A","1977",16.163,
"KOR","TAXREV","TOT","PC_GDP","A","1978",16.566,
"KOR","TAXREV","TOT","PC_GDP","A","1979",16.875,
"KOR","TAXREV","TOT","PC_GDP","A","1980",16.941,
"KOR","TAXREV","TOT","PC_GDP","A","1981",16.781,
"KOR","TAXREV","TOT","PC_GDP","A","1982",16.968,
"KOR","TAXREV","TOT","PC_GDP","A","1983",17.188,
"KOR","TAXREV","TOT","PC_GDP","A","1984",16.166,
"KOR","TAXREV","TOT","PC_GDP","A","1985",15.779,
"KOR","TAXREV","TOT","PC_GDP","A","1986",15.402,
"KOR","TAXREV","TOT","PC_GDP","A","1987",15.668,
"KOR","TAXREV","TOT","PC_GDP","A","1988",15.569,
"KOR","TAXREV","TOT","PC_GDP","A","1989",16.332,
"KOR","TAXREV","TOT","PC_GDP","A","1990",18.846,
"KOR","TAXREV","TOT","PC_GDP","A","1991",18.54,
"KOR","TAXREV","TOT","PC_GDP","A","1992",18.446,
"KOR","TAXREV","TOT","PC_GDP","A","1993",18.771,
"KOR","TAXREV","TOT","PC_GDP","A","1994",18.896,
"KOR","TAXREV","TOT","PC_GDP","A","1995",19.118,
"KOR","TAXREV","TOT","PC_GDP","A","1996",19.75,
"KOR","TAXREV","TOT","PC_GDP","A","1997",19.405,
"KOR","TAXREV","TOT","PC_GDP","A","1998",19.415,
"KOR","TAXREV","TOT","PC_GDP","A","1999",19.72,
"KOR","TAXREV","TOT","PC_GDP","A","2000",21.458,
"KOR","TAXREV","TOT","PC_GDP","A","2001",21.782,
"KOR","TAXREV","TOT","PC_GDP","A","2002",21.95,
"KOR","TAXREV","TOT","PC_GDP","A","2003",22.708,
"KOR","TAXREV","TOT","PC_GDP","A","2004",21.961,
"KOR","TAXREV","TOT","PC_GDP","A","2005",22.542,
"KOR","TAXREV","TOT","PC_GDP","A","2006",23.559,
"KOR","TAXREV","TOT","PC_GDP","A","2007",24.785,
"KOR","TAXREV","TOT","PC_GDP","A","2008",24.645,
"KOR","TAXREV","TOT","PC_GDP","A","2009",23.76,
"KOR","TAXREV","TOT","PC_GDP","A","2010",23.391,
"KOR","TAXREV","TOT","PC_GDP","A","2011",24.155,
"KOR","TAXREV","TOT","PC_GDP","A","2012",24.78,
"KOR","TAXREV","TOT","PC_GDP","A","2013",24.298,
"KOR","TAXREV","TOT","PC_GDP","A","2014",24.59,
"KOR","TAXREV","TOT","PC_GDP","A","2015",25.162,
"KOR","TAXREV","TOT","PC_GDP","A","2016",26.237,
"KOR","TAXREV","TOT","PC_GDP","A","2017",26.9,
"KOR","TAXREV","TOT","PC_GDP","A","2018",28.422,
"LUX","TAXREV","TOT","PC_GDP","A","1965",26.35,
"LUX","TAXREV","TOT","PC_GDP","A","1966",26.096,
"LUX","TAXREV","TOT","PC_GDP","A","1967",26.743,
"LUX","TAXREV","TOT","PC_GDP","A","1968",25.854,
"LUX","TAXREV","TOT","PC_GDP","A","1969",26.012,
"LUX","TAXREV","TOT","PC_GDP","A","1970",22.482,
"LUX","TAXREV","TOT","PC_GDP","A","1971",24.592,
"LUX","TAXREV","TOT","PC_GDP","A","1972",25.097,
"LUX","TAXREV","TOT","PC_GDP","A","1973",25.449,
"LUX","TAXREV","TOT","PC_GDP","A","1974",26.299,
"LUX","TAXREV","TOT","PC_GDP","A","1975",31.373,
"LUX","TAXREV","TOT","PC_GDP","A","1976",31.549,
"LUX","TAXREV","TOT","PC_GDP","A","1977",34.95,
"LUX","TAXREV","TOT","PC_GDP","A","1978",35.586,
"LUX","TAXREV","TOT","PC_GDP","A","1979",33.327,
"LUX","TAXREV","TOT","PC_GDP","A","1980",34.156,
"LUX","TAXREV","TOT","PC_GDP","A","1981",35.081,
"LUX","TAXREV","TOT","PC_GDP","A","1982",36.248,
"LUX","TAXREV","TOT","PC_GDP","A","1983",38.219,
"LUX","TAXREV","TOT","PC_GDP","A","1984",36.774,
"LUX","TAXREV","TOT","PC_GDP","A","1985",37.792,
"LUX","TAXREV","TOT","PC_GDP","A","1986",35.836,
"LUX","TAXREV","TOT","PC_GDP","A","1987",36.034,
"LUX","TAXREV","TOT","PC_GDP","A","1988",34.721,
"LUX","TAXREV","TOT","PC_GDP","A","1989",33.927,
"LUX","TAXREV","TOT","PC_GDP","A","1990",33.493,
"LUX","TAXREV","TOT","PC_GDP","A","1991",31.481,
"LUX","TAXREV","TOT","PC_GDP","A","1992",32.219,
"LUX","TAXREV","TOT","PC_GDP","A","1993",34.221,
"LUX","TAXREV","TOT","PC_GDP","A","1994",34.71,
"LUX","TAXREV","TOT","PC_GDP","A","1995",34.85,
"LUX","TAXREV","TOT","PC_GDP","A","1996",35.063,
"LUX","TAXREV","TOT","PC_GDP","A","1997",36.457,
"LUX","TAXREV","TOT","PC_GDP","A","1998",37.325,
"LUX","TAXREV","TOT","PC_GDP","A","1999",36.184,
"LUX","TAXREV","TOT","PC_GDP","A","2000",36.92,
"LUX","TAXREV","TOT","PC_GDP","A","2001",37.451,
"LUX","TAXREV","TOT","PC_GDP","A","2002",37.35,
"LUX","TAXREV","TOT","PC_GDP","A","2003",37.477,
"LUX","TAXREV","TOT","PC_GDP","A","2004",36.548,
"LUX","TAXREV","TOT","PC_GDP","A","2005",37.788,
"LUX","TAXREV","TOT","PC_GDP","A","2006",35.723,
"LUX","TAXREV","TOT","PC_GDP","A","2007",36.084,
"LUX","TAXREV","TOT","PC_GDP","A","2008",36.65,
"LUX","TAXREV","TOT","PC_GDP","A","2009",38.201,
"LUX","TAXREV","TOT","PC_GDP","A","2010",37.397,
"LUX","TAXREV","TOT","PC_GDP","A","2011",37.042,
"LUX","TAXREV","TOT","PC_GDP","A","2012",38.392,
"LUX","TAXREV","TOT","PC_GDP","A","2013",38.293,
"LUX","TAXREV","TOT","PC_GDP","A","2014",37.572,
"LUX","TAXREV","TOT","PC_GDP","A","2015",37.362,
"LUX","TAXREV","TOT","PC_GDP","A","2016",37.936,
"LUX","TAXREV","TOT","PC_GDP","A","2017",38.708,
"LUX","TAXREV","TOT","PC_GDP","A","2018",40.053,
"MEX","TAXREV","TOT","PC_GDP","A","1980",14.169,
"MEX","TAXREV","TOT","PC_GDP","A","1981",13.781,
"MEX","TAXREV","TOT","PC_GDP","A","1982",14.035,
"MEX","TAXREV","TOT","PC_GDP","A","1983",15.659,
"MEX","TAXREV","TOT","PC_GDP","A","1984",15.222,
"MEX","TAXREV","TOT","PC_GDP","A","1985",14.846,
"MEX","TAXREV","TOT","PC_GDP","A","1986",14.165,
"MEX","TAXREV","TOT","PC_GDP","A","1987",15.065,
"MEX","TAXREV","TOT","PC_GDP","A","1988",14.525,
"MEX","TAXREV","TOT","PC_GDP","A","1989",15.061,
"MEX","TAXREV","TOT","PC_GDP","A","1990",12.091,
"MEX","TAXREV","TOT","PC_GDP","A","1991",12.257,
"MEX","TAXREV","TOT","PC_GDP","A","1992",12.802,
"MEX","TAXREV","TOT","PC_GDP","A","1993",12.002,
"MEX","TAXREV","TOT","PC_GDP","A","1994",12.002,
"MEX","TAXREV","TOT","PC_GDP","A","1995",10.11,
"MEX","TAXREV","TOT","PC_GDP","A","1996",9.912,
"MEX","TAXREV","TOT","PC_GDP","A","1997",10.5,
"MEX","TAXREV","TOT","PC_GDP","A","1998",10.963,
"MEX","TAXREV","TOT","PC_GDP","A","1999",11.728,
"MEX","TAXREV","TOT","PC_GDP","A","2000",11.462,
"MEX","TAXREV","TOT","PC_GDP","A","2001",12.194,
"MEX","TAXREV","TOT","PC_GDP","A","2002",12.61,
"MEX","TAXREV","TOT","PC_GDP","A","2003",12.671,
"MEX","TAXREV","TOT","PC_GDP","A","2004",11.559,
"MEX","TAXREV","TOT","PC_GDP","A","2005",11.362,
"MEX","TAXREV","TOT","PC_GDP","A","2006",11.588,
"MEX","TAXREV","TOT","PC_GDP","A","2007",12.014,
"MEX","TAXREV","TOT","PC_GDP","A","2008",12.599,
"MEX","TAXREV","TOT","PC_GDP","A","2009",12.467,
"MEX","TAXREV","TOT","PC_GDP","A","2010",12.84,
"MEX","TAXREV","TOT","PC_GDP","A","2011",12.767,
"MEX","TAXREV","TOT","PC_GDP","A","2012",12.649,
"MEX","TAXREV","TOT","PC_GDP","A","2013",13.304,
"MEX","TAXREV","TOT","PC_GDP","A","2014",13.702,
"MEX","TAXREV","TOT","PC_GDP","A","2015",15.92,
"MEX","TAXREV","TOT","PC_GDP","A","2016",16.62,
"MEX","TAXREV","TOT","PC_GDP","A","2017",16.09,
"MEX","TAXREV","TOT","PC_GDP","A","2018",16.132,
"NLD","TAXREV","TOT","PC_GDP","A","1965",30.48,
"NLD","TAXREV","TOT","PC_GDP","A","1966",31.787,
"NLD","TAXREV","TOT","PC_GDP","A","1967",32.716,
"NLD","TAXREV","TOT","PC_GDP","A","1968",33.37,
"NLD","TAXREV","TOT","PC_GDP","A","1969",32.169,
"NLD","TAXREV","TOT","PC_GDP","A","1970",32.974,
"NLD","TAXREV","TOT","PC_GDP","A","1971",34.336,
"NLD","TAXREV","TOT","PC_GDP","A","1972",35.415,
"NLD","TAXREV","TOT","PC_GDP","A","1973",36.385,
"NLD","TAXREV","TOT","PC_GDP","A","1974",36.79,
"NLD","TAXREV","TOT","PC_GDP","A","1975",37.72,
"NLD","TAXREV","TOT","PC_GDP","A","1976",37.609,
"NLD","TAXREV","TOT","PC_GDP","A","1977",38.435,
"NLD","TAXREV","TOT","PC_GDP","A","1978",39.054,
"NLD","TAXREV","TOT","PC_GDP","A","1979",39.456,
"NLD","TAXREV","TOT","PC_GDP","A","1980",39.748,
"NLD","TAXREV","TOT","PC_GDP","A","1981",38.918,
"NLD","TAXREV","TOT","PC_GDP","A","1982",39.57,
"NLD","TAXREV","TOT","PC_GDP","A","1983",40.647,
"NLD","TAXREV","TOT","PC_GDP","A","1984",38.964,
"NLD","TAXREV","TOT","PC_GDP","A","1985",39.284,
"NLD","TAXREV","TOT","PC_GDP","A","1986",39.9,
"NLD","TAXREV","TOT","PC_GDP","A","1987",42.121,
"NLD","TAXREV","TOT","PC_GDP","A","1988",42.081,
"NLD","TAXREV","TOT","PC_GDP","A","1989",39.691,
"NLD","TAXREV","TOT","PC_GDP","A","1990",39.698,
"NLD","TAXREV","TOT","PC_GDP","A","1991",41.728,
"NLD","TAXREV","TOT","PC_GDP","A","1992",41.389,
"NLD","TAXREV","TOT","PC_GDP","A","1993",41.581,
"NLD","TAXREV","TOT","PC_GDP","A","1994",39.733,
"NLD","TAXREV","TOT","PC_GDP","A","1995",37.248,
"NLD","TAXREV","TOT","PC_GDP","A","1996",37.345,
"NLD","TAXREV","TOT","PC_GDP","A","1997",36.798,
"NLD","TAXREV","TOT","PC_GDP","A","1998",36.254,
"NLD","TAXREV","TOT","PC_GDP","A","1999",37.158,
"NLD","TAXREV","TOT","PC_GDP","A","2000",36.907,
"NLD","TAXREV","TOT","PC_GDP","A","2001",35.612,
"NLD","TAXREV","TOT","PC_GDP","A","2002",35.014,
"NLD","TAXREV","TOT","PC_GDP","A","2003",34.804,
"NLD","TAXREV","TOT","PC_GDP","A","2004",34.809,
"NLD","TAXREV","TOT","PC_GDP","A","2005",35.013,
"NLD","TAXREV","TOT","PC_GDP","A","2006",36.047,
"NLD","TAXREV","TOT","PC_GDP","A","2007",35.685,
"NLD","TAXREV","TOT","PC_GDP","A","2008",35.946,
"NLD","TAXREV","TOT","PC_GDP","A","2009",34.939,
"NLD","TAXREV","TOT","PC_GDP","A","2010",35.656,
"NLD","TAXREV","TOT","PC_GDP","A","2011",35.443,
"NLD","TAXREV","TOT","PC_GDP","A","2012",35.587,
"NLD","TAXREV","TOT","PC_GDP","A","2013",36.109,
"NLD","TAXREV","TOT","PC_GDP","A","2014",37.047,
"NLD","TAXREV","TOT","PC_GDP","A","2015",37.007,
"NLD","TAXREV","TOT","PC_GDP","A","2016",38.401,
"NLD","TAXREV","TOT","PC_GDP","A","2017",38.701,
"NLD","TAXREV","TOT","PC_GDP","A","2018",38.754,
"NZL","TAXREV","TOT","PC_GDP","A","1965",24.498,
"NZL","TAXREV","TOT","PC_GDP","A","1966",25.226,
"NZL","TAXREV","TOT","PC_GDP","A","1967",27.293,
"NZL","TAXREV","TOT","PC_GDP","A","1968",23.703,
"NZL","TAXREV","TOT","PC_GDP","A","1969",24.806,
"NZL","TAXREV","TOT","PC_GDP","A","1970",26.516,
"NZL","TAXREV","TOT","PC_GDP","A","1971",26.509,
"NZL","TAXREV","TOT","PC_GDP","A","1972",25.962,
"NZL","TAXREV","TOT","PC_GDP","A","1973",27.5,
"NZL","TAXREV","TOT","PC_GDP","A","1974",30.227,
"NZL","TAXREV","TOT","PC_GDP","A","1975",29.994,
"NZL","TAXREV","TOT","PC_GDP","A","1976",29.733,
"NZL","TAXREV","TOT","PC_GDP","A","1977",31.762,
"NZL","TAXREV","TOT","PC_GDP","A","1978",30.297,
"NZL","TAXREV","TOT","PC_GDP","A","1979",31.526,
"NZL","TAXREV","TOT","PC_GDP","A","1980",31.658,
"NZL","TAXREV","TOT","PC_GDP","A","1981",32.585,
"NZL","TAXREV","TOT","PC_GDP","A","1982",32.532,
"NZL","TAXREV","TOT","PC_GDP","A","1983",30.222,
"NZL","TAXREV","TOT","PC_GDP","A","1984",30.269,
"NZL","TAXREV","TOT","PC_GDP","A","1985",31.208,
"NZL","TAXREV","TOT","PC_GDP","A","1986",31.997,
"NZL","TAXREV","TOT","PC_GDP","A","1987",35.071,
"NZL","TAXREV","TOT","PC_GDP","A","1988",34.305,
"NZL","TAXREV","TOT","PC_GDP","A","1989",36.831,
"NZL","TAXREV","TOT","PC_GDP","A","1990",36.175,
"NZL","TAXREV","TOT","PC_GDP","A","1991",34.341,
"NZL","TAXREV","TOT","PC_GDP","A","1992",34.764,
"NZL","TAXREV","TOT","PC_GDP","A","1993",34.873,
"NZL","TAXREV","TOT","PC_GDP","A","1994",35.421,
"NZL","TAXREV","TOT","PC_GDP","A","1995",35.571,
"NZL","TAXREV","TOT","PC_GDP","A","1996",33.754,
"NZL","TAXREV","TOT","PC_GDP","A","1997",33.932,
"NZL","TAXREV","TOT","PC_GDP","A","1998",32.276,
"NZL","TAXREV","TOT","PC_GDP","A","1999",32.313,
"NZL","TAXREV","TOT","PC_GDP","A","2000",32.538,
"NZL","TAXREV","TOT","PC_GDP","A","2001",31.941,
"NZL","TAXREV","TOT","PC_GDP","A","2002",33.25,
"NZL","TAXREV","TOT","PC_GDP","A","2003",33.162,
"NZL","TAXREV","TOT","PC_GDP","A","2004",34.203,
"NZL","TAXREV","TOT","PC_GDP","A","2005",36.058,
"NZL","TAXREV","TOT","PC_GDP","A","2006",35.276,
"NZL","TAXREV","TOT","PC_GDP","A","2007",33.878,
"NZL","TAXREV","TOT","PC_GDP","A","2008",32.896,
"NZL","TAXREV","TOT","PC_GDP","A","2009",30.248,
"NZL","TAXREV","TOT","PC_GDP","A","2010",30.273,
"NZL","TAXREV","TOT","PC_GDP","A","2011",30.054,
"NZL","TAXREV","TOT","PC_GDP","A","2012",31.645,
"NZL","TAXREV","TOT","PC_GDP","A","2013",30.494,
"NZL","TAXREV","TOT","PC_GDP","A","2014",31.295,
"NZL","TAXREV","TOT","PC_GDP","A","2015",31.693,
"NZL","TAXREV","TOT","PC_GDP","A","2016",31.678,
"NZL","TAXREV","TOT","PC_GDP","A","2017",32.081,
"NZL","TAXREV","TOT","PC_GDP","A","2018",32.689,
"NOR","TAXREV","TOT","PC_GDP","A","1965",29.445,
"NOR","TAXREV","TOT","PC_GDP","A","1966",30.615,
"NOR","TAXREV","TOT","PC_GDP","A","1967",32.357,
"NOR","TAXREV","TOT","PC_GDP","A","1968",33.32,
"NOR","TAXREV","TOT","PC_GDP","A","1969",34.596,
"NOR","TAXREV","TOT","PC_GDP","A","1970",34.26,
"NOR","TAXREV","TOT","PC_GDP","A","1971",36.736,
"NOR","TAXREV","TOT","PC_GDP","A","1972",38.594,
"NOR","TAXREV","TOT","PC_GDP","A","1973",38.986,
"NOR","TAXREV","TOT","PC_GDP","A","1974",38.613,
"NOR","TAXREV","TOT","PC_GDP","A","1975",38.828,
"NOR","TAXREV","TOT","PC_GDP","A","1976",40.224,
"NOR","TAXREV","TOT","PC_GDP","A","1977",40.957,
"NOR","TAXREV","TOT","PC_GDP","A","1978",40.436,
"NOR","TAXREV","TOT","PC_GDP","A","1979",40.306,
"NOR","TAXREV","TOT","PC_GDP","A","1980",41.944,
"NOR","TAXREV","TOT","PC_GDP","A","1981",43.361,
"NOR","TAXREV","TOT","PC_GDP","A","1982",42.553,
"NOR","TAXREV","TOT","PC_GDP","A","1983",41.282,
"NOR","TAXREV","TOT","PC_GDP","A","1984",40.528,
"NOR","TAXREV","TOT","PC_GDP","A","1985",41.867,
"NOR","TAXREV","TOT","PC_GDP","A","1986",43.641,
"NOR","TAXREV","TOT","PC_GDP","A","1987",41.891,
"NOR","TAXREV","TOT","PC_GDP","A","1988",41.436,
"NOR","TAXREV","TOT","PC_GDP","A","1989",39.742,
"NOR","TAXREV","TOT","PC_GDP","A","1990",40.249,
"NOR","TAXREV","TOT","PC_GDP","A","1991",40.368,
"NOR","TAXREV","TOT","PC_GDP","A","1992",39.532,
"NOR","TAXREV","TOT","PC_GDP","A","1993",38.657,
"NOR","TAXREV","TOT","PC_GDP","A","1994",39.952,
"NOR","TAXREV","TOT","PC_GDP","A","1995",40.036,
"NOR","TAXREV","TOT","PC_GDP","A","1996",40,
"NOR","TAXREV","TOT","PC_GDP","A","1997",40.693,
"NOR","TAXREV","TOT","PC_GDP","A","1998",41.579,
"NOR","TAXREV","TOT","PC_GDP","A","1999",41.833,
"NOR","TAXREV","TOT","PC_GDP","A","2000",41.885,
"NOR","TAXREV","TOT","PC_GDP","A","2001",42.093,
"NOR","TAXREV","TOT","PC_GDP","A","2002",42.358,
"NOR","TAXREV","TOT","PC_GDP","A","2003",41.661,
"NOR","TAXREV","TOT","PC_GDP","A","2004",42.41,
"NOR","TAXREV","TOT","PC_GDP","A","2005",42.601,
"NOR","TAXREV","TOT","PC_GDP","A","2006",42.834,
"NOR","TAXREV","TOT","PC_GDP","A","2007",42.093,
"NOR","TAXREV","TOT","PC_GDP","A","2008",41.375,
"NOR","TAXREV","TOT","PC_GDP","A","2009",41.202,
"NOR","TAXREV","TOT","PC_GDP","A","2010",41.896,
"NOR","TAXREV","TOT","PC_GDP","A","2011",42.025,
"NOR","TAXREV","TOT","PC_GDP","A","2012",41.463,
"NOR","TAXREV","TOT","PC_GDP","A","2013",39.867,
"NOR","TAXREV","TOT","PC_GDP","A","2014",38.792,
"NOR","TAXREV","TOT","PC_GDP","A","2015",38.428,
"NOR","TAXREV","TOT","PC_GDP","A","2016",38.713,
"NOR","TAXREV","TOT","PC_GDP","A","2017",38.795,
"NOR","TAXREV","TOT","PC_GDP","A","2018",39.031,
"POL","TAXREV","TOT","PC_GDP","A","1991",34.027,
"POL","TAXREV","TOT","PC_GDP","A","1992",36.178,
"POL","TAXREV","TOT","PC_GDP","A","1993",39.217,
"POL","TAXREV","TOT","PC_GDP","A","1994",36.438,
"POL","TAXREV","TOT","PC_GDP","A","1995",36.617,
"POL","TAXREV","TOT","PC_GDP","A","1996",36.612,
"POL","TAXREV","TOT","PC_GDP","A","1997",36.114,
"POL","TAXREV","TOT","PC_GDP","A","1998",35.328,
"POL","TAXREV","TOT","PC_GDP","A","1999",35.021,
"POL","TAXREV","TOT","PC_GDP","A","2000",32.935,
"POL","TAXREV","TOT","PC_GDP","A","2001",32.895,
"POL","TAXREV","TOT","PC_GDP","A","2002",33.034,
"POL","TAXREV","TOT","PC_GDP","A","2003",32.49,
"POL","TAXREV","TOT","PC_GDP","A","2004",31.919,
"POL","TAXREV","TOT","PC_GDP","A","2005",32.959,
"POL","TAXREV","TOT","PC_GDP","A","2006",33.61,
"POL","TAXREV","TOT","PC_GDP","A","2007",34.622,
"POL","TAXREV","TOT","PC_GDP","A","2008",34.117,
"POL","TAXREV","TOT","PC_GDP","A","2009",31.199,
"POL","TAXREV","TOT","PC_GDP","A","2010",31.415,
"POL","TAXREV","TOT","PC_GDP","A","2011",31.849,
"POL","TAXREV","TOT","PC_GDP","A","2012",32.077,
"POL","TAXREV","TOT","PC_GDP","A","2013",31.943,
"POL","TAXREV","TOT","PC_GDP","A","2014",31.864,
"POL","TAXREV","TOT","PC_GDP","A","2015",32.352,
"POL","TAXREV","TOT","PC_GDP","A","2016",33.537,
"POL","TAXREV","TOT","PC_GDP","A","2017",34.137,
"POL","TAXREV","TOT","PC_GDP","A","2018",35.028,
"PRT","TAXREV","TOT","PC_GDP","A","1965",15.668,
"PRT","TAXREV","TOT","PC_GDP","A","1966",16.068,
"PRT","TAXREV","TOT","PC_GDP","A","1967",16.723,
"PRT","TAXREV","TOT","PC_GDP","A","1968",16.765,
"PRT","TAXREV","TOT","PC_GDP","A","1969",17.424,
"PRT","TAXREV","TOT","PC_GDP","A","1970",17.584,
"PRT","TAXREV","TOT","PC_GDP","A","1971",17.337,
"PRT","TAXREV","TOT","PC_GDP","A","1972",17.12,
"PRT","TAXREV","TOT","PC_GDP","A","1973",16.726,
"PRT","TAXREV","TOT","PC_GDP","A","1974",17.133,
"PRT","TAXREV","TOT","PC_GDP","A","1975",18.854,
"PRT","TAXREV","TOT","PC_GDP","A","1976",20.473,
"PRT","TAXREV","TOT","PC_GDP","A","1977",20.885,
"PRT","TAXREV","TOT","PC_GDP","A","1978",20.17,
"PRT","TAXREV","TOT","PC_GDP","A","1979",19.866,
"PRT","TAXREV","TOT","PC_GDP","A","1980",21.884,
"PRT","TAXREV","TOT","PC_GDP","A","1981",23.149,
"PRT","TAXREV","TOT","PC_GDP","A","1982",23.739,
"PRT","TAXREV","TOT","PC_GDP","A","1983",25.101,
"PRT","TAXREV","TOT","PC_GDP","A","1984",24.591,
"PRT","TAXREV","TOT","PC_GDP","A","1985",24.122,
"PRT","TAXREV","TOT","PC_GDP","A","1986",25.455,
"PRT","TAXREV","TOT","PC_GDP","A","1987",23.988,
"PRT","TAXREV","TOT","PC_GDP","A","1988",25.627,
"PRT","TAXREV","TOT","PC_GDP","A","1989",26.283,
"PRT","TAXREV","TOT","PC_GDP","A","1990",26.483,
"PRT","TAXREV","TOT","PC_GDP","A","1991",27.527,
"PRT","TAXREV","TOT","PC_GDP","A","1992",29.452,
"PRT","TAXREV","TOT","PC_GDP","A","1993",28.026,
"PRT","TAXREV","TOT","PC_GDP","A","1994",28.802,
"PRT","TAXREV","TOT","PC_GDP","A","1995",29.278,
"PRT","TAXREV","TOT","PC_GDP","A","1996",29.957,
"PRT","TAXREV","TOT","PC_GDP","A","1997",29.921,
"PRT","TAXREV","TOT","PC_GDP","A","1998",30.175,
"PRT","TAXREV","TOT","PC_GDP","A","1999",30.958,
"PRT","TAXREV","TOT","PC_GDP","A","2000",31.05,
"PRT","TAXREV","TOT","PC_GDP","A","2001",30.821,
"PRT","TAXREV","TOT","PC_GDP","A","2002",31.247,
"PRT","TAXREV","TOT","PC_GDP","A","2003",31.339,
"PRT","TAXREV","TOT","PC_GDP","A","2004",30.15,
"PRT","TAXREV","TOT","PC_GDP","A","2005",30.807,
"PRT","TAXREV","TOT","PC_GDP","A","2006",31.331,
"PRT","TAXREV","TOT","PC_GDP","A","2007",31.817,
"PRT","TAXREV","TOT","PC_GDP","A","2008",31.73,
"PRT","TAXREV","TOT","PC_GDP","A","2009",29.914,
"PRT","TAXREV","TOT","PC_GDP","A","2010",30.405,
"PRT","TAXREV","TOT","PC_GDP","A","2011",32.329,
"PRT","TAXREV","TOT","PC_GDP","A","2012",31.779,
"PRT","TAXREV","TOT","PC_GDP","A","2013",34.073,
"PRT","TAXREV","TOT","PC_GDP","A","2014",34.255,
"PRT","TAXREV","TOT","PC_GDP","A","2015",34.447,
"PRT","TAXREV","TOT","PC_GDP","A","2016",34.124,
"PRT","TAXREV","TOT","PC_GDP","A","2017",34.441,
"PRT","TAXREV","TOT","PC_GDP","A","2018",35.393,
"SVK","TAXREV","TOT","PC_GDP","A","1995",39.562,
"SVK","TAXREV","TOT","PC_GDP","A","1996",38.642,
"SVK","TAXREV","TOT","PC_GDP","A","1997",36.467,
"SVK","TAXREV","TOT","PC_GDP","A","1998",36.057,
"SVK","TAXREV","TOT","PC_GDP","A","1999",34.816,
"SVK","TAXREV","TOT","PC_GDP","A","2000",33.626,
"SVK","TAXREV","TOT","PC_GDP","A","2001",32.689,
"SVK","TAXREV","TOT","PC_GDP","A","2002",32.806,
"SVK","TAXREV","TOT","PC_GDP","A","2003",32.535,
"SVK","TAXREV","TOT","PC_GDP","A","2004",31.506,
"SVK","TAXREV","TOT","PC_GDP","A","2005",31.263,
"SVK","TAXREV","TOT","PC_GDP","A","2006",29.307,
"SVK","TAXREV","TOT","PC_GDP","A","2007",29.209,
"SVK","TAXREV","TOT","PC_GDP","A","2008",29.045,
"SVK","TAXREV","TOT","PC_GDP","A","2009",28.867,
"SVK","TAXREV","TOT","PC_GDP","A","2010",28.075,
"SVK","TAXREV","TOT","PC_GDP","A","2011",28.619,
"SVK","TAXREV","TOT","PC_GDP","A","2012",28.337,
"SVK","TAXREV","TOT","PC_GDP","A","2013",30.277,
"SVK","TAXREV","TOT","PC_GDP","A","2014",31.131,
"SVK","TAXREV","TOT","PC_GDP","A","2015",32.081,
"SVK","TAXREV","TOT","PC_GDP","A","2016",32.336,
"SVK","TAXREV","TOT","PC_GDP","A","2017",33.104,
"SVK","TAXREV","TOT","PC_GDP","A","2018",33.053,
"ESP","TAXREV","TOT","PC_GDP","A","1965",14.294,
"ESP","TAXREV","TOT","PC_GDP","A","1966",13.254,
"ESP","TAXREV","TOT","PC_GDP","A","1967",16.458,
"ESP","TAXREV","TOT","PC_GDP","A","1968",15.637,
"ESP","TAXREV","TOT","PC_GDP","A","1969",15.998,
"ESP","TAXREV","TOT","PC_GDP","A","1970",15.501,
"ESP","TAXREV","TOT","PC_GDP","A","1971",15.76,
"ESP","TAXREV","TOT","PC_GDP","A","1972",16.638,
"ESP","TAXREV","TOT","PC_GDP","A","1973",17.195,
"ESP","TAXREV","TOT","PC_GDP","A","1974",16.631,
"ESP","TAXREV","TOT","PC_GDP","A","1975",17.953,
"ESP","TAXREV","TOT","PC_GDP","A","1976",17.943,
"ESP","TAXREV","TOT","PC_GDP","A","1977",19.71,
"ESP","TAXREV","TOT","PC_GDP","A","1978",20.923,
"ESP","TAXREV","TOT","PC_GDP","A","1979",21.427,
"ESP","TAXREV","TOT","PC_GDP","A","1980",21.996,
"ESP","TAXREV","TOT","PC_GDP","A","1981",23.202,
"ESP","TAXREV","TOT","PC_GDP","A","1982",23.485,
"ESP","TAXREV","TOT","PC_GDP","A","1983",25.357,
"ESP","TAXREV","TOT","PC_GDP","A","1984",25.697,
"ESP","TAXREV","TOT","PC_GDP","A","1985",26.837,
"ESP","TAXREV","TOT","PC_GDP","A","1986",28.198,
"ESP","TAXREV","TOT","PC_GDP","A","1987",29.962,
"ESP","TAXREV","TOT","PC_GDP","A","1988",30.101,
"ESP","TAXREV","TOT","PC_GDP","A","1989",31.824,
"ESP","TAXREV","TOT","PC_GDP","A","1990",31.623,
"ESP","TAXREV","TOT","PC_GDP","A","1991",31.895,
"ESP","TAXREV","TOT","PC_GDP","A","1992",32.9,
"ESP","TAXREV","TOT","PC_GDP","A","1993",31.952,
"ESP","TAXREV","TOT","PC_GDP","A","1994",31.985,
"ESP","TAXREV","TOT","PC_GDP","A","1995",31.276,
"ESP","TAXREV","TOT","PC_GDP","A","1996",31.655,
"ESP","TAXREV","TOT","PC_GDP","A","1997",31.923,
"ESP","TAXREV","TOT","PC_GDP","A","1998",32.548,
"ESP","TAXREV","TOT","PC_GDP","A","1999",33.077,
"ESP","TAXREV","TOT","PC_GDP","A","2000",33.229,
"ESP","TAXREV","TOT","PC_GDP","A","2001",32.838,
"ESP","TAXREV","TOT","PC_GDP","A","2002",33.227,
"ESP","TAXREV","TOT","PC_GDP","A","2003",33.124,
"ESP","TAXREV","TOT","PC_GDP","A","2004",34.099,
"ESP","TAXREV","TOT","PC_GDP","A","2005",35.143,
"ESP","TAXREV","TOT","PC_GDP","A","2006",35.932,
"ESP","TAXREV","TOT","PC_GDP","A","2007",36.358,
"ESP","TAXREV","TOT","PC_GDP","A","2008",32.105,
"ESP","TAXREV","TOT","PC_GDP","A","2009",29.708,
"ESP","TAXREV","TOT","PC_GDP","A","2010",31.211,
"ESP","TAXREV","TOT","PC_GDP","A","2011",31.174,
"ESP","TAXREV","TOT","PC_GDP","A","2012",32.129,
"ESP","TAXREV","TOT","PC_GDP","A","2013",32.914,
"ESP","TAXREV","TOT","PC_GDP","A","2014",33.593,
"ESP","TAXREV","TOT","PC_GDP","A","2015",33.627,
"ESP","TAXREV","TOT","PC_GDP","A","2016",33.29,
"ESP","TAXREV","TOT","PC_GDP","A","2017",33.683,
"ESP","TAXREV","TOT","PC_GDP","A","2018",34.401,
"SWE","TAXREV","TOT","PC_GDP","A","1965",31.338,
"SWE","TAXREV","TOT","PC_GDP","A","1966",32.025,
"SWE","TAXREV","TOT","PC_GDP","A","1967",32.892,
"SWE","TAXREV","TOT","PC_GDP","A","1968",34.783,
"SWE","TAXREV","TOT","PC_GDP","A","1969",35.685,
"SWE","TAXREV","TOT","PC_GDP","A","1970",35.623,
"SWE","TAXREV","TOT","PC_GDP","A","1971",36.358,
"SWE","TAXREV","TOT","PC_GDP","A","1972",37.605,
"SWE","TAXREV","TOT","PC_GDP","A","1973",36.862,
"SWE","TAXREV","TOT","PC_GDP","A","1974",37.926,
"SWE","TAXREV","TOT","PC_GDP","A","1975",38.852,
"SWE","TAXREV","TOT","PC_GDP","A","1976",42.67,
"SWE","TAXREV","TOT","PC_GDP","A","1977",44.683,
"SWE","TAXREV","TOT","PC_GDP","A","1978",45.041,
"SWE","TAXREV","TOT","PC_GDP","A","1979",43.871,
"SWE","TAXREV","TOT","PC_GDP","A","1980",43.699,
"SWE","TAXREV","TOT","PC_GDP","A","1981",44.963,
"SWE","TAXREV","TOT","PC_GDP","A","1982",43.991,
"SWE","TAXREV","TOT","PC_GDP","A","1983",44.656,
"SWE","TAXREV","TOT","PC_GDP","A","1984",44.269,
"SWE","TAXREV","TOT","PC_GDP","A","1985",44.727,
"SWE","TAXREV","TOT","PC_GDP","A","1986",46.973,
"SWE","TAXREV","TOT","PC_GDP","A","1987",49.481,
"SWE","TAXREV","TOT","PC_GDP","A","1988",48.776,
"SWE","TAXREV","TOT","PC_GDP","A","1989",49.29,
"SWE","TAXREV","TOT","PC_GDP","A","1990",49.419,
"SWE","TAXREV","TOT","PC_GDP","A","1991",47.471,
"SWE","TAXREV","TOT","PC_GDP","A","1992",44.993,
"SWE","TAXREV","TOT","PC_GDP","A","1993",44.308,
"SWE","TAXREV","TOT","PC_GDP","A","1994",44.543,
"SWE","TAXREV","TOT","PC_GDP","A","1995",45.568,
"SWE","TAXREV","TOT","PC_GDP","A","1996",47.315,
"SWE","TAXREV","TOT","PC_GDP","A","1997",48.256,
"SWE","TAXREV","TOT","PC_GDP","A","1998",48.349,
"SWE","TAXREV","TOT","PC_GDP","A","1999",48.744,
"SWE","TAXREV","TOT","PC_GDP","A","2000",48.917,
"SWE","TAXREV","TOT","PC_GDP","A","2001",46.761,
"SWE","TAXREV","TOT","PC_GDP","A","2002",45.102,
"SWE","TAXREV","TOT","PC_GDP","A","2003",45.415,
"SWE","TAXREV","TOT","PC_GDP","A","2004",45.6,
"SWE","TAXREV","TOT","PC_GDP","A","2005",46.563,
"SWE","TAXREV","TOT","PC_GDP","A","2006",45.915,
"SWE","TAXREV","TOT","PC_GDP","A","2007",44.917,
"SWE","TAXREV","TOT","PC_GDP","A","2008",43.954,
"SWE","TAXREV","TOT","PC_GDP","A","2009",44.044,
"SWE","TAXREV","TOT","PC_GDP","A","2010",43.172,
"SWE","TAXREV","TOT","PC_GDP","A","2011",42.454,
"SWE","TAXREV","TOT","PC_GDP","A","2012",42.523,
"SWE","TAXREV","TOT","PC_GDP","A","2013",42.859,
"SWE","TAXREV","TOT","PC_GDP","A","2014",42.54,
"SWE","TAXREV","TOT","PC_GDP","A","2015",43.064,
"SWE","TAXREV","TOT","PC_GDP","A","2016",44.208,
"SWE","TAXREV","TOT","PC_GDP","A","2017",44.385,
"SWE","TAXREV","TOT","PC_GDP","A","2018",43.934,
"CHE","TAXREV","TOT","PC_GDP","A","1965",16.512,
"CHE","TAXREV","TOT","PC_GDP","A","1966",17.129,
"CHE","TAXREV","TOT","PC_GDP","A","1967",17.132,
"CHE","TAXREV","TOT","PC_GDP","A","1968",17.915,
"CHE","TAXREV","TOT","PC_GDP","A","1969",18.859,
"CHE","TAXREV","TOT","PC_GDP","A","1970",18.163,
"CHE","TAXREV","TOT","PC_GDP","A","1971",17.893,
"CHE","TAXREV","TOT","PC_GDP","A","1972",18.239,
"CHE","TAXREV","TOT","PC_GDP","A","1973",20.105,
"CHE","TAXREV","TOT","PC_GDP","A","1974",20.874,
"CHE","TAXREV","TOT","PC_GDP","A","1975",22.487,
"CHE","TAXREV","TOT","PC_GDP","A","1976",23.764,
"CHE","TAXREV","TOT","PC_GDP","A","1977",23.947,
"CHE","TAXREV","TOT","PC_GDP","A","1978",23.884,
"CHE","TAXREV","TOT","PC_GDP","A","1979",23.475,
"CHE","TAXREV","TOT","PC_GDP","A","1980",23.26,
"CHE","TAXREV","TOT","PC_GDP","A","1981",23.333,
"CHE","TAXREV","TOT","PC_GDP","A","1982",23.641,
"CHE","TAXREV","TOT","PC_GDP","A","1983",24.18,
"CHE","TAXREV","TOT","PC_GDP","A","1984",24.351,
"CHE","TAXREV","TOT","PC_GDP","A","1985",23.815,
"CHE","TAXREV","TOT","PC_GDP","A","1986",24.782,
"CHE","TAXREV","TOT","PC_GDP","A","1987",24.51,
"CHE","TAXREV","TOT","PC_GDP","A","1988",24.785,
"CHE","TAXREV","TOT","PC_GDP","A","1989",24.069,
"CHE","TAXREV","TOT","PC_GDP","A","1990",23.745,
"CHE","TAXREV","TOT","PC_GDP","A","1991",23.556,
"CHE","TAXREV","TOT","PC_GDP","A","1992",23.995,
"CHE","TAXREV","TOT","PC_GDP","A","1993",24.514,
"CHE","TAXREV","TOT","PC_GDP","A","1994",24.93,
"CHE","TAXREV","TOT","PC_GDP","A","1995",25.519,
"CHE","TAXREV","TOT","PC_GDP","A","1996",26.003,
"CHE","TAXREV","TOT","PC_GDP","A","1997",25.63,
"CHE","TAXREV","TOT","PC_GDP","A","1998",26.362,
"CHE","TAXREV","TOT","PC_GDP","A","1999",26.568,
"CHE","TAXREV","TOT","PC_GDP","A","2000",27.607,
"CHE","TAXREV","TOT","PC_GDP","A","2001",27.034,
"CHE","TAXREV","TOT","PC_GDP","A","2002",27.625,
"CHE","TAXREV","TOT","PC_GDP","A","2003",26.931,
"CHE","TAXREV","TOT","PC_GDP","A","2004",26.608,
"CHE","TAXREV","TOT","PC_GDP","A","2005",26.646,
"CHE","TAXREV","TOT","PC_GDP","A","2006",26.446,
"CHE","TAXREV","TOT","PC_GDP","A","2007",26.204,
"CHE","TAXREV","TOT","PC_GDP","A","2008",26.583,
"CHE","TAXREV","TOT","PC_GDP","A","2009",26.978,
"CHE","TAXREV","TOT","PC_GDP","A","2010",26.595,
"CHE","TAXREV","TOT","PC_GDP","A","2011",26.893,
"CHE","TAXREV","TOT","PC_GDP","A","2012",26.91,
"CHE","TAXREV","TOT","PC_GDP","A","2013",26.998,
"CHE","TAXREV","TOT","PC_GDP","A","2014",26.882,
"CHE","TAXREV","TOT","PC_GDP","A","2015",27.574,
"CHE","TAXREV","TOT","PC_GDP","A","2016",27.708,
"CHE","TAXREV","TOT","PC_GDP","A","2017",28.444,
"CHE","TAXREV","TOT","PC_GDP","A","2018",27.938,
"TUR","TAXREV","TOT","PC_GDP","A","1965",10.565,
"TUR","TAXREV","TOT","PC_GDP","A","1966",10.678,
"TUR","TAXREV","TOT","PC_GDP","A","1967",11.412,
"TUR","TAXREV","TOT","PC_GDP","A","1968",11.274,
"TUR","TAXREV","TOT","PC_GDP","A","1969",12.194,
"TUR","TAXREV","TOT","PC_GDP","A","1970",9.06,
"TUR","TAXREV","TOT","PC_GDP","A","1971",10.402,
"TUR","TAXREV","TOT","PC_GDP","A","1972",10.583,
"TUR","TAXREV","TOT","PC_GDP","A","1973",11.012,
"TUR","TAXREV","TOT","PC_GDP","A","1974",10.271,
"TUR","TAXREV","TOT","PC_GDP","A","1975",11.604,
"TUR","TAXREV","TOT","PC_GDP","A","1976",11.857,
"TUR","TAXREV","TOT","PC_GDP","A","1977",12.387,
"TUR","TAXREV","TOT","PC_GDP","A","1978",12.087,
"TUR","TAXREV","TOT","PC_GDP","A","1979",11.436,
"TUR","TAXREV","TOT","PC_GDP","A","1980",13.033,
"TUR","TAXREV","TOT","PC_GDP","A","1981",13.809,
"TUR","TAXREV","TOT","PC_GDP","A","1982",13.374,
"TUR","TAXREV","TOT","PC_GDP","A","1983",12.483,
"TUR","TAXREV","TOT","PC_GDP","A","1984",10.415,
"TUR","TAXREV","TOT","PC_GDP","A","1985",11.217,
"TUR","TAXREV","TOT","PC_GDP","A","1986",12.736,
"TUR","TAXREV","TOT","PC_GDP","A","1987",13.668,
"TUR","TAXREV","TOT","PC_GDP","A","1988",12.931,
"TUR","TAXREV","TOT","PC_GDP","A","1989",13.567,
"TUR","TAXREV","TOT","PC_GDP","A","1990",14.547,
"TUR","TAXREV","TOT","PC_GDP","A","1991",15.246,
"TUR","TAXREV","TOT","PC_GDP","A","1992",16.294,
"TUR","TAXREV","TOT","PC_GDP","A","1993",16.468,
"TUR","TAXREV","TOT","PC_GDP","A","1994",16.156,
"TUR","TAXREV","TOT","PC_GDP","A","1995",16.39,
"TUR","TAXREV","TOT","PC_GDP","A","1996",18.464,
"TUR","TAXREV","TOT","PC_GDP","A","1997",20.244,
"TUR","TAXREV","TOT","PC_GDP","A","1998",20.615,
"TUR","TAXREV","TOT","PC_GDP","A","1999",22.59,
"TUR","TAXREV","TOT","PC_GDP","A","2000",23.592,
"TUR","TAXREV","TOT","PC_GDP","A","2001",25.551,
"TUR","TAXREV","TOT","PC_GDP","A","2002",24.009,
"TUR","TAXREV","TOT","PC_GDP","A","2003",25.201,
"TUR","TAXREV","TOT","PC_GDP","A","2004",23.322,
"TUR","TAXREV","TOT","PC_GDP","A","2005",23.366,
"TUR","TAXREV","TOT","PC_GDP","A","2006",23.565,
"TUR","TAXREV","TOT","PC_GDP","A","2007",23.062,
"TUR","TAXREV","TOT","PC_GDP","A","2008",23.145,
"TUR","TAXREV","TOT","PC_GDP","A","2009",23.486,
"TUR","TAXREV","TOT","PC_GDP","A","2010",24.816,
"TUR","TAXREV","TOT","PC_GDP","A","2011",25.899,
"TUR","TAXREV","TOT","PC_GDP","A","2012",24.946,
"TUR","TAXREV","TOT","PC_GDP","A","2013",25.346,
"TUR","TAXREV","TOT","PC_GDP","A","2014",24.582,
"TUR","TAXREV","TOT","PC_GDP","A","2015",25.088,
"TUR","TAXREV","TOT","PC_GDP","A","2016",25.302,
"TUR","TAXREV","TOT","PC_GDP","A","2017",24.896,
"TUR","TAXREV","TOT","PC_GDP","A","2018",24.352,
"GBR","TAXREV","TOT","PC_GDP","A","1965",30.097,
"GBR","TAXREV","TOT","PC_GDP","A","1966",30.808,
"GBR","TAXREV","TOT","PC_GDP","A","1967",32.52,
"GBR","TAXREV","TOT","PC_GDP","A","1968",33.354,
"GBR","TAXREV","TOT","PC_GDP","A","1969",34.896,
"GBR","TAXREV","TOT","PC_GDP","A","1970",35.041,
"GBR","TAXREV","TOT","PC_GDP","A","1971",33.137,
"GBR","TAXREV","TOT","PC_GDP","A","1972",31.554,
"GBR","TAXREV","TOT","PC_GDP","A","1973",29.677,
"GBR","TAXREV","TOT","PC_GDP","A","1974",32.773,
"GBR","TAXREV","TOT","PC_GDP","A","1975",34.174,
"GBR","TAXREV","TOT","PC_GDP","A","1976",33.954,
"GBR","TAXREV","TOT","PC_GDP","A","1977",33.411,
"GBR","TAXREV","TOT","PC_GDP","A","1978",31.616,
"GBR","TAXREV","TOT","PC_GDP","A","1979",30.693,
"GBR","TAXREV","TOT","PC_GDP","A","1980",33.383,
"GBR","TAXREV","TOT","PC_GDP","A","1981",34.517,
"GBR","TAXREV","TOT","PC_GDP","A","1982",36.712,
"GBR","TAXREV","TOT","PC_GDP","A","1983",35.091,
"GBR","TAXREV","TOT","PC_GDP","A","1984",35.19,
"GBR","TAXREV","TOT","PC_GDP","A","1985",35.069,
"GBR","TAXREV","TOT","PC_GDP","A","1986",35.517,
"GBR","TAXREV","TOT","PC_GDP","A","1987",33.972,
"GBR","TAXREV","TOT","PC_GDP","A","1988",33.828,
"GBR","TAXREV","TOT","PC_GDP","A","1989",33.007,
"GBR","TAXREV","TOT","PC_GDP","A","1990",32.869,
"GBR","TAXREV","TOT","PC_GDP","A","1991",31.684,
"GBR","TAXREV","TOT","PC_GDP","A","1992",30.904,
"GBR","TAXREV","TOT","PC_GDP","A","1993",29.875,
"GBR","TAXREV","TOT","PC_GDP","A","1994",30.601,
"GBR","TAXREV","TOT","PC_GDP","A","1995",29.485,
"GBR","TAXREV","TOT","PC_GDP","A","1996",29.308,
"GBR","TAXREV","TOT","PC_GDP","A","1997",29.963,
"GBR","TAXREV","TOT","PC_GDP","A","1998",31.432,
"GBR","TAXREV","TOT","PC_GDP","A","1999",32.179,
"GBR","TAXREV","TOT","PC_GDP","A","2000",32.924,
"GBR","TAXREV","TOT","PC_GDP","A","2001",32.58,
"GBR","TAXREV","TOT","PC_GDP","A","2002",31.546,
"GBR","TAXREV","TOT","PC_GDP","A","2003",31.272,
"GBR","TAXREV","TOT","PC_GDP","A","2004",32.283,
"GBR","TAXREV","TOT","PC_GDP","A","2005",32.676,
"GBR","TAXREV","TOT","PC_GDP","A","2006",32.903,
"GBR","TAXREV","TOT","PC_GDP","A","2007",32.966,
"GBR","TAXREV","TOT","PC_GDP","A","2008",32.298,
"GBR","TAXREV","TOT","PC_GDP","A","2009",31.225,
"GBR","TAXREV","TOT","PC_GDP","A","2010",32.387,
"GBR","TAXREV","TOT","PC_GDP","A","2011",33.133,
"GBR","TAXREV","TOT","PC_GDP","A","2012",32.406,
"GBR","TAXREV","TOT","PC_GDP","A","2013",32.2,
"GBR","TAXREV","TOT","PC_GDP","A","2014",31.823,
"GBR","TAXREV","TOT","PC_GDP","A","2015",32.157,
"GBR","TAXREV","TOT","PC_GDP","A","2016",32.726,
"GBR","TAXREV","TOT","PC_GDP","A","2017",33.267,
"GBR","TAXREV","TOT","PC_GDP","A","2018",33.542,
"USA","TAXREV","TOT","PC_GDP","A","1965",23.556,
"USA","TAXREV","TOT","PC_GDP","A","1966",23.824,
"USA","TAXREV","TOT","PC_GDP","A","1967",24.903,
"USA","TAXREV","TOT","PC_GDP","A","1968",24.346,
"USA","TAXREV","TOT","PC_GDP","A","1969",26.669,
"USA","TAXREV","TOT","PC_GDP","A","1970",25.783,
"USA","TAXREV","TOT","PC_GDP","A","1971",23.929,
"USA","TAXREV","TOT","PC_GDP","A","1972",24.477,
"USA","TAXREV","TOT","PC_GDP","A","1973",24.47,
"USA","TAXREV","TOT","PC_GDP","A","1974",25.209,
"USA","TAXREV","TOT","PC_GDP","A","1975",24.653,
"USA","TAXREV","TOT","PC_GDP","A","1976",24.021,
"USA","TAXREV","TOT","PC_GDP","A","1977",25.265,
"USA","TAXREV","TOT","PC_GDP","A","1978",25.015,
"USA","TAXREV","TOT","PC_GDP","A","1979",25.216,
"USA","TAXREV","TOT","PC_GDP","A","1980",25.572,
"USA","TAXREV","TOT","PC_GDP","A","1981",25.972,
"USA","TAXREV","TOT","PC_GDP","A","1982",26.054,
"USA","TAXREV","TOT","PC_GDP","A","1983",24.013,
"USA","TAXREV","TOT","PC_GDP","A","1984",24.11,
"USA","TAXREV","TOT","PC_GDP","A","1985",24.658,
"USA","TAXREV","TOT","PC_GDP","A","1986",24.63,
"USA","TAXREV","TOT","PC_GDP","A","1987",25.69,
"USA","TAXREV","TOT","PC_GDP","A","1988",25.478,
"USA","TAXREV","TOT","PC_GDP","A","1989",25.663,
"USA","TAXREV","TOT","PC_GDP","A","1990",26.033,
"USA","TAXREV","TOT","PC_GDP","A","1991",25.855,
"USA","TAXREV","TOT","PC_GDP","A","1992",25.746,
"USA","TAXREV","TOT","PC_GDP","A","1993",25.95,
"USA","TAXREV","TOT","PC_GDP","A","1994",26.286,
"USA","TAXREV","TOT","PC_GDP","A","1995",26.55,
"USA","TAXREV","TOT","PC_GDP","A","1996",27.044,
"USA","TAXREV","TOT","PC_GDP","A","1997",27.484,
"USA","TAXREV","TOT","PC_GDP","A","1998",27.867,
"USA","TAXREV","TOT","PC_GDP","A","1999",27.934,
"USA","TAXREV","TOT","PC_GDP","A","2000",28.291,
"USA","TAXREV","TOT","PC_GDP","A","2001",27.261,
"USA","TAXREV","TOT","PC_GDP","A","2002",24.994,
"USA","TAXREV","TOT","PC_GDP","A","2003",24.48,
"USA","TAXREV","TOT","PC_GDP","A","2004",24.769,
"USA","TAXREV","TOT","PC_GDP","A","2005",26.102,
"USA","TAXREV","TOT","PC_GDP","A","2006",26.777,
"USA","TAXREV","TOT","PC_GDP","A","2007",26.769,
"USA","TAXREV","TOT","PC_GDP","A","2008",25.742,
"USA","TAXREV","TOT","PC_GDP","A","2009",22.957,
"USA","TAXREV","TOT","PC_GDP","A","2010",23.46,
"USA","TAXREV","TOT","PC_GDP","A","2011",23.849,
"USA","TAXREV","TOT","PC_GDP","A","2012",24,
"USA","TAXREV","TOT","PC_GDP","A","2013",25.569,
"USA","TAXREV","TOT","PC_GDP","A","2014",25.927,
"USA","TAXREV","TOT","PC_GDP","A","2015",26.148,
"USA","TAXREV","TOT","PC_GDP","A","2016",25.872,
"USA","TAXREV","TOT","PC_GDP","A","2017",26.78,
"USA","TAXREV","TOT","PC_GDP","A","2018",24.33,
"CHL","TAXREV","TOT","PC_GDP","A","1990",16.889,
"CHL","TAXREV","TOT","PC_GDP","A","1991",17.787,
"CHL","TAXREV","TOT","PC_GDP","A","1992",18.459,
"CHL","TAXREV","TOT","PC_GDP","A","1993",18.654,
"CHL","TAXREV","TOT","PC_GDP","A","1994",18.405,
"CHL","TAXREV","TOT","PC_GDP","A","1995",18.3,
"CHL","TAXREV","TOT","PC_GDP","A","1996",19.541,
"CHL","TAXREV","TOT","PC_GDP","A","1997",19.049,
"CHL","TAXREV","TOT","PC_GDP","A","1998",18.835,
"CHL","TAXREV","TOT","PC_GDP","A","1999",18.079,
"CHL","TAXREV","TOT","PC_GDP","A","2000",18.812,
"CHL","TAXREV","TOT","PC_GDP","A","2001",19.046,
"CHL","TAXREV","TOT","PC_GDP","A","2002",19.091,
"CHL","TAXREV","TOT","PC_GDP","A","2003",18.84,
"CHL","TAXREV","TOT","PC_GDP","A","2004",19.086,
"CHL","TAXREV","TOT","PC_GDP","A","2005",20.725,
"CHL","TAXREV","TOT","PC_GDP","A","2006",21.979,
"CHL","TAXREV","TOT","PC_GDP","A","2007",22.71,
"CHL","TAXREV","TOT","PC_GDP","A","2008",21.406,
"CHL","TAXREV","TOT","PC_GDP","A","2009",17.334,
"CHL","TAXREV","TOT","PC_GDP","A","2010",19.591,
"CHL","TAXREV","TOT","PC_GDP","A","2011",21.116,
"CHL","TAXREV","TOT","PC_GDP","A","2012",21.328,
"CHL","TAXREV","TOT","PC_GDP","A","2013",19.86,
"CHL","TAXREV","TOT","PC_GDP","A","2014",19.613,
"CHL","TAXREV","TOT","PC_GDP","A","2015",20.39,
"CHL","TAXREV","TOT","PC_GDP","A","2016",20.139,
"CHL","TAXREV","TOT","PC_GDP","A","2017",20.109,
"CHL","TAXREV","TOT","PC_GDP","A","2018",21.071,
"EST","TAXREV","TOT","PC_GDP","A","1995",36.033,
"EST","TAXREV","TOT","PC_GDP","A","1996",34.108,
"EST","TAXREV","TOT","PC_GDP","A","1997",34.137,
"EST","TAXREV","TOT","PC_GDP","A","1998",33.963,
"EST","TAXREV","TOT","PC_GDP","A","1999",32.54,
"EST","TAXREV","TOT","PC_GDP","A","2000",31.091,
"EST","TAXREV","TOT","PC_GDP","A","2001",30.368,
"EST","TAXREV","TOT","PC_GDP","A","2002",31.176,
"EST","TAXREV","TOT","PC_GDP","A","2003",30.897,
"EST","TAXREV","TOT","PC_GDP","A","2004",31.208,
"EST","TAXREV","TOT","PC_GDP","A","2005",29.969,
"EST","TAXREV","TOT","PC_GDP","A","2006",30.543,
"EST","TAXREV","TOT","PC_GDP","A","2007",31.279,
"EST","TAXREV","TOT","PC_GDP","A","2008",31.429,
"EST","TAXREV","TOT","PC_GDP","A","2009",34.918,
"EST","TAXREV","TOT","PC_GDP","A","2010",33.252,
"EST","TAXREV","TOT","PC_GDP","A","2011",31.512,
"EST","TAXREV","TOT","PC_GDP","A","2012",31.667,
"EST","TAXREV","TOT","PC_GDP","A","2013",31.63,
"EST","TAXREV","TOT","PC_GDP","A","2014",32.087,
"EST","TAXREV","TOT","PC_GDP","A","2015",33.236,
"EST","TAXREV","TOT","PC_GDP","A","2016",33.536,
"EST","TAXREV","TOT","PC_GDP","A","2017",32.767,
"EST","TAXREV","TOT","PC_GDP","A","2018",33.241,
"ISR","TAXREV","TOT","PC_GDP","A","1995",35.458,
"ISR","TAXREV","TOT","PC_GDP","A","1996",34.887,
"ISR","TAXREV","TOT","PC_GDP","A","1997",35.438,
"ISR","TAXREV","TOT","PC_GDP","A","1998",34.387,
"ISR","TAXREV","TOT","PC_GDP","A","1999",34.245,
"ISR","TAXREV","TOT","PC_GDP","A","2000",34.918,
"ISR","TAXREV","TOT","PC_GDP","A","2001",34.752,
"ISR","TAXREV","TOT","PC_GDP","A","2002",33.972,
"ISR","TAXREV","TOT","PC_GDP","A","2003",33.303,
"ISR","TAXREV","TOT","PC_GDP","A","2004",33.356,
"ISR","TAXREV","TOT","PC_GDP","A","2005",33.724,
"ISR","TAXREV","TOT","PC_GDP","A","2006",34.26,
"ISR","TAXREV","TOT","PC_GDP","A","2007",34.222,
"ISR","TAXREV","TOT","PC_GDP","A","2008",31.961,
"ISR","TAXREV","TOT","PC_GDP","A","2009",29.829,
"ISR","TAXREV","TOT","PC_GDP","A","2010",30.73,
"ISR","TAXREV","TOT","PC_GDP","A","2011",30.891,
"ISR","TAXREV","TOT","PC_GDP","A","2012",30.012,
"ISR","TAXREV","TOT","PC_GDP","A","2013",30.761,
"ISR","TAXREV","TOT","PC_GDP","A","2014",30.992,
"ISR","TAXREV","TOT","PC_GDP","A","2015",31.189,
"ISR","TAXREV","TOT","PC_GDP","A","2016",31.109,
"ISR","TAXREV","TOT","PC_GDP","A","2017",32.513,
"ISR","TAXREV","TOT","PC_GDP","A","2018",31.089,
"SVN","TAXREV","TOT","PC_GDP","A","1995",38.36,
"SVN","TAXREV","TOT","PC_GDP","A","1996",37.238,
"SVN","TAXREV","TOT","PC_GDP","A","1997",36.145,
"SVN","TAXREV","TOT","PC_GDP","A","1998",36.924,
"SVN","TAXREV","TOT","PC_GDP","A","1999",37.287,
"SVN","TAXREV","TOT","PC_GDP","A","2000",36.629,
"SVN","TAXREV","TOT","PC_GDP","A","2001",36.822,
"SVN","TAXREV","TOT","PC_GDP","A","2002",37.162,
"SVN","TAXREV","TOT","PC_GDP","A","2003",37.335,
"SVN","TAXREV","TOT","PC_GDP","A","2004",37.432,
"SVN","TAXREV","TOT","PC_GDP","A","2005",37.953,
"SVN","TAXREV","TOT","PC_GDP","A","2006",37.646,
"SVN","TAXREV","TOT","PC_GDP","A","2007",37.066,
"SVN","TAXREV","TOT","PC_GDP","A","2008",36.388,
"SVN","TAXREV","TOT","PC_GDP","A","2009",36.212,
"SVN","TAXREV","TOT","PC_GDP","A","2010",36.898,
"SVN","TAXREV","TOT","PC_GDP","A","2011",36.475,
"SVN","TAXREV","TOT","PC_GDP","A","2012",36.797,
"SVN","TAXREV","TOT","PC_GDP","A","2013",36.423,
"SVN","TAXREV","TOT","PC_GDP","A","2014",36.201,
"SVN","TAXREV","TOT","PC_GDP","A","2015",36.328,
"SVN","TAXREV","TOT","PC_GDP","A","2016",36.505,
"SVN","TAXREV","TOT","PC_GDP","A","2017",36.275,
"SVN","TAXREV","TOT","PC_GDP","A","2018",36.379,
"OAVG","TAXREV","TOT","PC_GDP","A","1965",24.861,
"OAVG","TAXREV","TOT","PC_GDP","A","1966",25.356,
"OAVG","TAXREV","TOT","PC_GDP","A","1967",26.237,
"OAVG","TAXREV","TOT","PC_GDP","A","1968",26.499,
"OAVG","TAXREV","TOT","PC_GDP","A","1969",27.05,
"OAVG","TAXREV","TOT","PC_GDP","A","1970",26.736,
"OAVG","TAXREV","TOT","PC_GDP","A","1971",27.245,
"OAVG","TAXREV","TOT","PC_GDP","A","1972",26.872,
"OAVG","TAXREV","TOT","PC_GDP","A","1973",27.056,
"OAVG","TAXREV","TOT","PC_GDP","A","1974",27.889,
"OAVG","TAXREV","TOT","PC_GDP","A","1975",28.636,
"OAVG","TAXREV","TOT","PC_GDP","A","1976",29.516,
"OAVG","TAXREV","TOT","PC_GDP","A","1977",30.174,
"OAVG","TAXREV","TOT","PC_GDP","A","1978",30.077,
"OAVG","TAXREV","TOT","PC_GDP","A","1979",30.001,
"OAVG","TAXREV","TOT","PC_GDP","A","1980",30.101,
"OAVG","TAXREV","TOT","PC_GDP","A","1981",30.748,
"OAVG","TAXREV","TOT","PC_GDP","A","1982",31.096,
"OAVG","TAXREV","TOT","PC_GDP","A","1983",31.232,
"OAVG","TAXREV","TOT","PC_GDP","A","1984",31.31,
"OAVG","TAXREV","TOT","PC_GDP","A","1985",31.544,
"OAVG","TAXREV","TOT","PC_GDP","A","1986",32.18,
"OAVG","TAXREV","TOT","PC_GDP","A","1987",32.613,
"OAVG","TAXREV","TOT","PC_GDP","A","1988",32.603,
"OAVG","TAXREV","TOT","PC_GDP","A","1989",32.409,
"OAVG","TAXREV","TOT","PC_GDP","A","1990",31.913,
"OAVG","TAXREV","TOT","PC_GDP","A","1991",32.418,
"OAVG","TAXREV","TOT","PC_GDP","A","1992",32.684,
"OAVG","TAXREV","TOT","PC_GDP","A","1993",33.041,
"OAVG","TAXREV","TOT","PC_GDP","A","1994",33.002,
"OAVG","TAXREV","TOT","PC_GDP","A","1995",33.046,
"OAVG","TAXREV","TOT","PC_GDP","A","1996",33.205,
"OAVG","TAXREV","TOT","PC_GDP","A","1997",33.435,
"OAVG","TAXREV","TOT","PC_GDP","A","1998",33.592,
"OAVG","TAXREV","TOT","PC_GDP","A","1999",33.804,
"OAVG","TAXREV","TOT","PC_GDP","A","2000",33.763,
"OAVG","TAXREV","TOT","PC_GDP","A","2001",33.24,
"OAVG","TAXREV","TOT","PC_GDP","A","2002",33.022,
"OAVG","TAXREV","TOT","PC_GDP","A","2003",32.932,
"OAVG","TAXREV","TOT","PC_GDP","A","2004",32.89,
"OAVG","TAXREV","TOT","PC_GDP","A","2005",33.366,
"OAVG","TAXREV","TOT","PC_GDP","A","2006",33.504,
"OAVG","TAXREV","TOT","PC_GDP","A","2007",33.566,
"OAVG","TAXREV","TOT","PC_GDP","A","2008",32.94,
"OAVG","TAXREV","TOT","PC_GDP","A","2009",32.202,
"OAVG","TAXREV","TOT","PC_GDP","A","2010",32.294,
"OAVG","TAXREV","TOT","PC_GDP","A","2011",32.594,
"OAVG","TAXREV","TOT","PC_GDP","A","2012",33.058,
"OAVG","TAXREV","TOT","PC_GDP","A","2013",33.351,
"OAVG","TAXREV","TOT","PC_GDP","A","2014",33.589,
"OAVG","TAXREV","TOT","PC_GDP","A","2015",33.711,
"OAVG","TAXREV","TOT","PC_GDP","A","2016",34.423,
"OAVG","TAXREV","TOT","PC_GDP","A","2017",34.237,
"OAVG","TAXREV","TOT","PC_GDP","A","2018",34.256,
"LVA","TAXREV","TOT","PC_GDP","A","1995",29.719,
"LVA","TAXREV","TOT","PC_GDP","A","1996",29.193,
"LVA","TAXREV","TOT","PC_GDP","A","1997",30.261,
"LVA","TAXREV","TOT","PC_GDP","A","1998",31.222,
"LVA","TAXREV","TOT","PC_GDP","A","1999",30.254,
"LVA","TAXREV","TOT","PC_GDP","A","2000",29.127,
"LVA","TAXREV","TOT","PC_GDP","A","2001",28.162,
"LVA","TAXREV","TOT","PC_GDP","A","2002",27.846,
"LVA","TAXREV","TOT","PC_GDP","A","2003",27.466,
"LVA","TAXREV","TOT","PC_GDP","A","2004",27.667,
"LVA","TAXREV","TOT","PC_GDP","A","2005",27.938,
"LVA","TAXREV","TOT","PC_GDP","A","2006",28.741,
"LVA","TAXREV","TOT","PC_GDP","A","2007",28.334,
"LVA","TAXREV","TOT","PC_GDP","A","2008",28.017,
"LVA","TAXREV","TOT","PC_GDP","A","2009",28.325,
"LVA","TAXREV","TOT","PC_GDP","A","2010",28.778,
"LVA","TAXREV","TOT","PC_GDP","A","2011",28.361,
"LVA","TAXREV","TOT","PC_GDP","A","2012",29.163,
"LVA","TAXREV","TOT","PC_GDP","A","2013",29.381,
"LVA","TAXREV","TOT","PC_GDP","A","2014",29.763,
"LVA","TAXREV","TOT","PC_GDP","A","2015",30.156,
"LVA","TAXREV","TOT","PC_GDP","A","2016",31.202,
"LVA","TAXREV","TOT","PC_GDP","A","2017",31.119,
"LVA","TAXREV","TOT","PC_GDP","A","2018",30.741,
"LTU","TAXREV","TOT","PC_GDP","A","1995",27.64,
"LTU","TAXREV","TOT","PC_GDP","A","1996",27.255,
"LTU","TAXREV","TOT","PC_GDP","A","1997",31.243,
"LTU","TAXREV","TOT","PC_GDP","A","1998",32.758,
"LTU","TAXREV","TOT","PC_GDP","A","1999",32.658,
"LTU","TAXREV","TOT","PC_GDP","A","2000",30.783,
"LTU","TAXREV","TOT","PC_GDP","A","2001",29.321,
"LTU","TAXREV","TOT","PC_GDP","A","2002",28.99,
"LTU","TAXREV","TOT","PC_GDP","A","2003",28.631,
"LTU","TAXREV","TOT","PC_GDP","A","2004",28.997,
"LTU","TAXREV","TOT","PC_GDP","A","2005",29.203,
"LTU","TAXREV","TOT","PC_GDP","A","2006",30.133,
"LTU","TAXREV","TOT","PC_GDP","A","2007",30.03,
"LTU","TAXREV","TOT","PC_GDP","A","2008",30.577,
"LTU","TAXREV","TOT","PC_GDP","A","2009",30.172,
"LTU","TAXREV","TOT","PC_GDP","A","2010",28.291,
"LTU","TAXREV","TOT","PC_GDP","A","2011",27.202,
"LTU","TAXREV","TOT","PC_GDP","A","2012",26.968,
"LTU","TAXREV","TOT","PC_GDP","A","2013",26.966,
"LTU","TAXREV","TOT","PC_GDP","A","2014",27.486,
"LTU","TAXREV","TOT","PC_GDP","A","2015",28.873,
"LTU","TAXREV","TOT","PC_GDP","A","2016",29.688,
"LTU","TAXREV","TOT","PC_GDP","A","2017",29.528,
"LTU","TAXREV","TOT","PC_GDP","A","2018",30.261,
